group,layer,query,image_count,aligned_area_mean,aligned_attention_mass_mean,aligned_micro_enrichment,shuffled_area_mean,shuffled_attention_mass_mean,shuffled_micro_enrichment,random_area_mean,random_attention_mass_mean,random_micro_enrichment,aligned_minus_random_mass_mean,aligned_minus_random_micro_enrichment,aligned_minus_shuffled_mass_mean,aligned_minus_shuffled_micro_enrichment
all,1,0,20565,0.06302979775742258,0.046215047543008425,0.7332253820783678,0.06302979786321249,0.06708707568015375,1.0643707889678844,0.06302979782843225,0.0630477256542674,1.000284434131995,-0.016832678111258974,-0.2670590520536271,-0.020872028137145324,-0.33114540688951655
all,1,1,20565,0.06302979775742258,0.05781068934746759,0.9171961739423419,0.06302979786321249,0.07198536537321357,1.1420846617569118,0.06302979782843225,0.06292754354188487,0.9983776834121266,-0.005116854194417289,-0.08118150946978475,-0.014174676025745977,-0.22488848781456994
all,1,2,20565,0.06302979775742258,0.07532637448451096,1.1950914831491792,0.06302979786321249,0.0757911183177309,1.2024648799003461,0.06302979782843225,0.0629329947028171,0.9984641688701168,0.012393379781693864,0.19662731427906244,-0.0004647438332199355,-0.007373396751166883
all,1,3,20565,0.06302979775742258,0.05720041661716657,0.90751388473923,0.06302979786321249,0.07450099038637209,1.1819963400176918,0.06302979782843225,0.06292350057483312,0.9983135396707369,-0.005723083957666547,-0.09079965493150688,-0.01730057376920552,-0.2744824552784618
all,1,4,20565,0.06302979775742258,0.05421008138281447,0.8600706857960769,0.06302979786321249,0.06900781409281928,1.0948442868654014,0.06302979782843225,0.06304550916710522,1.0002492684288111,-0.00883542778429075,-0.1401785826327342,-0.014797732710004815,-0.23477360106932443
all,1,5,20565,0.06302979775742258,0.07309383000814397,1.1596710224179043,0.06302979786321249,0.07924675316002547,1.2572902951712945,0.06302979782843225,0.06296294783865872,0.9989393906996895,0.010130882169485251,0.1607316317182148,-0.0061529231518814955,-0.09761927275339022
all,1,6,20565,0.06302979775742258,0.06592295939781391,1.045901490141631,0.06302979786321249,0.07758162277271763,1.2308721494091663,0.06302979782843225,0.06294743025374486,0.9986931962734261,0.002975529144069059,0.04720829386820491,-0.01165866337490372,-0.1849706592675353
all,1,7,20565,0.06302979775742258,0.04464862368246434,0.7083732658368935,0.06302979786321249,0.0650545203624895,1.032123258647776,0.06302979782843225,0.06313109860331563,1.001607188637335,-0.018482474920851283,-0.29323392280044147,-0.020405896680025168,-0.32374999281088246
all,1,8,20565,0.06302979775742258,0.06554477346670214,1.0399013767894152,0.06302979786321249,0.07092515280900023,1.1252638468383205,0.06302979782843225,0.06277044184642705,0.9958851846120281,0.0027743316202750758,0.04401619217738706,-0.005380379342298104,-0.08536247004890529
all,1,9,20565,0.06302979775742258,0.06216964725399996,0.9863532720391551,0.06302979786321249,0.07631838706007497,1.2108302683391343,0.06302979782843225,0.06287563666075793,0.997554154178093,-0.0007059894067579697,-0.011200882138937884,-0.014148739806075014,-0.2244769962999792
all,1,10,20565,0.06302979775742258,0.0488864928141043,0.775609228546942,0.06302979786321249,0.06753758698694613,1.071518381409321,0.06302979782843225,0.06307125556329797,1.0006577481809251,-0.014184762749193669,-0.2250485196339831,-0.01865109417284182,-0.29590915286237895
all,1,11,20565,0.06302979775742258,0.06342108896950478,1.0062080353420795,0.06302979786321249,0.07181054294007902,1.1393110143859662,0.06302979782843225,0.06289520657252463,0.9978646408437803,0.0005258823969801528,0.008343394498299128,-0.008389453970574235,-0.13310297904388668
all,1,12,20565,0.06302979775742258,0.05777605844189705,0.9166467369014074,0.06302979786321249,0.07774322729692708,1.2334360878904564,0.06302979782843225,0.06302104868451786,0.9998611903541527,-0.0052449902426208025,-0.08321445345274525,-0.01996716885503002,-0.31678935098904903
all,1,13,20565,0.06302979775742258,0.06571472200073453,1.0425976972613047,0.06302979786321249,0.07643789250051311,1.212726283311251,0.06302979782843225,0.06299008960304393,0.9993700086822997,0.002724632397690587,0.04322768857900494,-0.010723170499778594,-0.1701285860499464
all,1,14,20565,0.06302979775742258,0.07584611270001573,1.2033373959395874,0.06302979786321249,0.08279699973169684,1.3136167739484619,0.06302979782843225,0.06308161120781611,1.0008220457810273,0.012764501492199622,0.20251535015856015,-0.006950887031681109,-0.11027937800887444
all,1,15,20565,0.06302979775742258,0.04839486974234215,0.767809376901309,0.06302979786321249,0.06943321586118949,1.101593503629406,0.06302979782843225,0.06299747755900913,0.999487222384703,-0.014602607816666974,-0.23167784548339398,-0.021038346118847334,-0.333784126728097
all,1,16,20565,0.06302979775742258,0.06625432784234575,1.05115882010812,0.06302979786321249,0.07748668022524433,1.229365837304543,0.06302979782843225,0.06292641785459079,0.9983598238071004,0.003327909987754966,0.052798996301019474,-0.011232352382898577,-0.17820701719642318
all,1,17,20565,0.06302979775742258,0.07338811615393663,1.1643400227362182,0.06302979786321249,0.07166000715056794,1.1369226870453364,0.06302979782843225,0.06270320419569239,0.9948184248721718,0.01068491195824424,0.1695215978640464,0.0017281090033686919,0.027417335690881783
all,1,18,20565,0.06302979775742258,0.07057393992511266,1.1196916765737466,0.06302979786321249,0.07780652701521396,1.2344403703161158,0.06302979782843225,0.06275564470129581,0.9956504203316235,0.007818295223816845,0.12404125624212303,-0.00723258709010129,-0.11474869374236918
all,1,19,20565,0.06302979775742258,0.053420727358272344,0.847547180206228,0.06302979786321249,0.07371020573292107,1.1694501367890668,0.06302979782843225,0.06314408480191552,1.001813221324212,-0.00972335744364318,-0.15426604111798392,-0.020289478374648735,-0.32190295658283885
all,1,20,20565,0.06302979775742258,0.06589158967559296,1.0454037934436078,0.06302979786321249,0.08202948799511246,1.3014398074563585,0.06302979782843225,0.06299368244111936,0.9994270108971127,0.002897907234473598,0.045976782546495065,-0.0161378983195195,-0.25603601401275067
all,1,21,20565,0.06302979775742258,0.0655322074512445,1.0397020105229076,0.06302979786321249,0.07714729483273092,1.223981314364299,0.06302979782843225,0.06305287751214524,1.0003661709938498,0.0024793299390992603,0.039335839529057726,-0.011615087381486413,-0.18427930384139146
all,1,22,20565,0.06302979775742258,0.052574612975094276,0.8341231424767332,0.06302979786321249,0.06528142952669748,1.0357232886637442,0.06302979782843225,0.0628197445409914,0.9966673970934731,-0.01024513156589713,-0.16254425461673983,-0.012706816551603202,-0.20160014618701094
all,1,23,20565,0.06302979775742258,0.061853258522988674,0.98133360289427,0.06302979786321249,0.07258822435362333,1.151649328007597,0.06302979782843225,0.06277991101066946,0.9960354177488719,-0.0009266524876807761,-0.01470181485460198,-0.01073496583063466,-0.17031572511332704
all,1,24,20565,0.06302979775742258,0.07839506766714704,1.2437778710453662,0.06302979786321249,0.08329466286582028,1.3215124542615015,0.06302979782843225,0.06309790768497969,1.0010805977314545,0.015297159982167357,0.24269727331391167,-0.004899595198673241,-0.07773458321613536
all,1,25,20565,0.06302979775742258,0.06112369280553034,0.9697586693958926,0.06302979786321249,0.07755140079769113,1.2303926623086032,0.06302979782843225,0.06307552605070339,1.0007255016491663,-0.0019518332451730497,-0.03096683225327368,-0.016427707992160794,-0.2606339929127106
all,1,26,20565,0.06302979775742258,0.06566708106060762,1.0418418493636123,0.06302979786321249,0.08108330483045886,1.2864281273188622,0.06302979782843225,0.0630001239152127,0.9995292081802275,0.0026669571453949072,0.04231264118338485,-0.015416223769851252,-0.2445862779552499
all,1,27,20565,0.06302979775742258,0.07554680539083135,1.1985887322942383,0.06302979786321249,0.0825792869569726,1.3101626493581098,0.06302979782843225,0.06303025188389882,1.0000072038223542,0.012516553506932527,0.19858152847188415,-0.007032481566141252,-0.11157391706387143
all,1,28,20565,0.06302979775742258,0.058701725964475884,0.9313329259027011,0.06302979786321249,0.0753473655226281,1.1954245147056832,0.06302979782843225,0.06293668817307478,0.9985227676660028,-0.0042349622085988935,-0.06718984176330167,-0.016645639558152223,-0.2640915888029821
all,1,29,20565,0.06302979775742258,0.0786440582041113,1.2477282333473765,0.06302979786321249,0.08557636607977238,1.3577128434631909,0.06302979782843225,0.06307425482470656,1.0007053329981372,0.015569803379404744,0.24702290034923924,-0.006932307875661079,-0.1099846101158144
all,1,30,20565,0.06302979775742258,0.052815146721607864,0.837939333470068,0.06302979786321249,0.07171210215209378,1.137749200905319,0.06302979782843225,0.06298162857026099,0.9992357700670027,-0.01016648184865313,-0.1612964365969347,-0.01889695543048592,-0.29980986743525095
all,1,31,20565,0.06302979775742258,0.07940885301198428,1.25986209439539,0.06302979786321249,0.08411603124652384,1.3345438839748902,0.06302979782843225,0.0630777668931878,1.0007610537620018,0.016331086118796485,0.25910104063338824,-0.004707178234539558,-0.07468178957950022
all,1,32,20565,0.06302979775742258,0.07499599832164677,1.1898498962391961,0.06302979786321249,0.08111345677546217,1.2869065033572678,0.06302979782843225,0.06293453887963625,0.9984886680256331,0.012061459442010522,0.19136122821356305,-0.006117458453815392,-0.09705660711807162
all,1,33,20565,0.06302979775742258,0.05506661213226773,0.8736599845076121,0.06302979786321249,0.07493305731190691,1.1888513029111551,0.06302979782843225,0.06308411993759978,1.0008618480629654,-0.008017507805332056,-0.12720186355535334,-0.019866445179639182,-0.3151913184035431
all,1,34,20565,0.06302979775742258,0.06851892750372862,1.087087852755479,0.06302979786321249,0.08025448687343797,1.2732785062647125,0.06302979782843225,0.0628024051824316,0.9963922992959678,0.005716522321297019,0.09069555345951119,-0.011735559369709344,-0.18619065350923347
all,1,35,20565,0.06302979775742258,0.05316254573944597,0.8434509966864899,0.06302979786321249,0.07088434792857608,1.1246164565275865,0.06302979782843225,0.06289763155091806,0.9979031143670499,-0.009735085811472092,-0.15445211768056,-0.017721802189130106,-0.28116545984109653
all,1,36,20565,0.06302979775742258,0.0872329068873526,1.3839947134699442,0.06302979786321249,0.08683912622763414,1.3777471794545928,0.06302979782843225,0.06299789191014286,0.9994937962774967,0.024235014977209736,0.3845009171924475,0.0003937806597184648,0.006247534015351386
all,1,37,20565,0.06302979775742258,0.0457788431393483,0.7263047759653846,0.06302979786321249,0.06381653411933867,1.012481973333209,0.06302979782843225,0.06309602331889101,1.001050701299075,-0.017317180179542715,-0.27474592533369047,-0.018037690979990372,-0.28617719736782454
all,1,38,20565,0.06302979775742258,0.08318338728526373,1.319747012443298,0.06302979786321249,0.07968711853607015,1.2642769172290134,0.06302979782843225,0.06271920876773135,0.9950723455984054,0.020464178517532378,0.32467466684489255,0.003496268749193585,0.05547009521428459
all,1,39,20565,0.06302979775742258,0.061229239213340385,0.97143321717433,0.06302979786321249,0.07210578600797461,1.1439951967553326,0.06302979782843225,0.06295424602919437,0.998801332039117,-0.0017250068158539882,-0.027368114864787074,-0.010876546794634222,-0.1725619795810026
all,1,40,20565,0.06302979775742258,0.052295561156281145,0.8296958425528609,0.06302979786321249,0.06353648718679267,1.008038885428124,0.06302979782843225,0.06293625999396042,0.9985159743852197,-0.010640698837679275,-0.16882013183235878,-0.011240926030511524,-0.17834304287526304
all,1,41,20565,0.06302979775742258,0.06844206036172885,1.0858683162071372,0.06302979786321249,0.07755181124226009,1.230399174221744,0.06302979782843225,0.06301785042612917,0.9998104483480084,0.005424209935599682,0.08605786785912883,-0.009109750880531236,-0.14453085801460674
all,1,42,20565,0.06302979775742258,0.05356483365003307,0.8498335002784474,0.06302979786321249,0.0747136974549195,1.185371046517767,0.06302979782843225,0.06295762871114237,0.9988550000194143,-0.009392795061109302,-0.1490214997409669,-0.021148863804886432,-0.33553754623931953
all,1,43,20565,0.06302979775742258,0.0757335009784278,1.2015507533420444,0.06302979786321249,0.08140365771936611,1.2915106898490876,0.06302979782843225,0.06287811100202163,0.9975934108685623,0.012855389976406182,0.20395734247348207,-0.005670156740938301,-0.08995993650704315
all,1,44,20565,0.06302979775742258,0.06449953159666648,1.0233180795677046,0.06302979786321249,0.07897366190837765,1.2529575627033833,0.06302979782843225,0.06292173605976745,0.9982855447361747,0.0015777955368990403,0.025032534831529896,-0.01447413031171116,-0.22963948313567872
all,1,45,20565,0.06302979775742258,0.05106051028797839,0.8101011284296141,0.06302979786321249,0.06625822870916269,1.0512207075922495,0.06302979782843225,0.06304493290444227,1.000240125726743,-0.01198442261646388,-0.1901389972971289,-0.015197718421184296,-0.24111957916263538
all,1,46,20565,0.06302979775742258,0.0805966206213766,1.2787066354165049,0.06302979786321249,0.08189987029989879,1.299383356387057,0.06302979782843225,0.06306180978151593,1.0005078860187815,0.017534810839860672,0.2781987493977234,-0.0013032496785221961,-0.020676720970552065
all,1,47,20565,0.06302979775742258,0.056646294327645924,0.8987224510168302,0.06302979786321249,0.06981945101315744,1.1077213219798019,0.06302979782843225,0.06285439769499894,0.9972171871166277,-0.006208103367353006,-0.09849473609979742,-0.013173156685511512,-0.20899887096297165
all,1,48,20565,0.06302979775742258,0.06813069279469801,1.0809283103986278,0.06302979786321249,0.07152597867396229,1.1347962566719356,0.06302979782843225,0.0627034643699827,0.9948225526704395,0.005427228424715324,0.08610575772818829,-0.0033952858792642825,-0.05386794627330782
all,1,49,20565,0.06302979775742258,0.0779419748726648,1.2365893219685307,0.06302979786321249,0.08459116053818903,1.3420820533451352,0.06302979782843225,0.06306343783604997,1.0005337159371714,0.014878537036614833,0.23605560603135922,-0.006649185665524226,-0.10549273137660453
all,1,50,20565,0.06302979775742258,0.048614953262036284,0.7713011145797503,0.06302979786321249,0.0643315312681539,1.0206526666604014,0.06302979782843225,0.06288614617688239,0.9977208930299779,-0.014271192914846102,-0.22641977845022765,-0.015716578006117615,-0.24935155208065118
all,1,51,20565,0.06302979775742258,0.0531737395413238,0.8436285920822569,0.06302979786321249,0.0692499034224477,1.098685157974552,0.06302979782843225,0.06303525156269714,1.0000865262852299,-0.009861512021373331,-0.15645793420297294,-0.0160761638811239,-0.2550565658922951
all,1,52,20565,0.06302979775742258,0.06135988860295299,0.9735060366067423,0.06302979786321249,0.06903235886382732,1.0952337022187761,0.06302979782843225,0.06298155796585286,0.9992346498919338,-0.0016216693628998734,-0.025728613285191493,-0.0076724702608743315,-0.12172766561203385
all,1,53,20565,0.06302979775742258,0.059925985208300635,0.9507564253804633,0.06302979786321249,0.07689726764257883,1.2200145050355637,0.06302979782843225,0.06306898012314227,1.0006216471583278,-0.003142994914841633,-0.049865221777864455,-0.016971282434278187,-0.2692580796551004
all,1,54,20565,0.06302979775742258,0.07170414013786745,1.1376228813842792,0.06302979786321249,0.07710233112045833,1.2232679420579153,0.06302979782843225,0.0629242718696174,0.9983257766572234,0.008779868268250057,0.1392971047270558,-0.00539819098259088,-0.08564506067363609
all,1,55,20565,0.06302979775742258,0.06850957663079016,1.0869394963705443,0.06302979786321249,0.07241182175686607,1.1488506105320928,0.06302979782843225,0.06280505507962528,0.9964343412711124,0.005704521551164881,0.09050515509943191,-0.0039022451260759105,-0.061911114161548486
all,1,56,20565,0.06302979775742258,0.07330729033306164,1.1630576797214738,0.06302979786321249,0.08300998555231408,1.3169959029927822,0.06302979782843225,0.06291379956774225,0.9981596282284493,0.010393490765319398,0.1648980514930245,-0.009702695219252424,-0.15393822327130846
all,1,57,20565,0.06302979775742258,0.08386685011091892,1.3305904999678109,0.06302979786321249,0.07623719921258137,1.2095421815889627,0.06302979782843225,0.06284436228629152,0.9970579702215532,0.021022487824627397,0.3335325297462577,0.007629650898337538,0.12104831837884822
all,1,58,20565,0.06302979775742258,0.08688782456254195,1.3785198057740835,0.06302979786321249,0.08271512379763395,1.3123177703527247,0.06302979782843225,0.06294325807752482,0.9986270025624548,0.023944566485017117,0.37989280321162866,0.004172700764907992,0.06620203542135883
all,1,59,20565,0.06302979775742258,0.08686319092316239,1.3781289804778583,0.06302979786321249,0.08120713115984757,1.2883926954054905,0.06302979782843225,0.06278201844398301,0.9960688532569358,0.024081172479179375,0.3820601272209224,0.005656059763314818,0.08973628507236775
all,1,60,20565,0.06302979775742258,0.054552017393809646,0.8654956756129752,0.06302979786321249,0.07248824649328969,1.150063128087511,0.06302979782843225,0.06320209531103316,1.0027335877400385,-0.00865007791722351,-0.13723791212706327,-0.017936229099480037,-0.28456745247453585
all,1,61,20565,0.06302979775742258,0.05251521735910418,0.833180800630442,0.06302979786321249,0.07144875638014841,1.133571085460353,0.06302979782843225,0.06291916121427787,0.9982446934947258,-0.0104039438551737,-0.1650638928642838,-0.018933539021044242,-0.3003902848299109
all,1,62,20565,0.06302979775742258,0.07027044145740458,1.1148765180533888,0.06302979786321249,0.08330543064416078,1.3216832905755234,0.06302979782843225,0.06305290492435889,1.0003666059026486,0.007217536533045689,0.11450991215074025,-0.0130349891867562,-0.20680677252213453
all,1,63,20565,0.06302979775742258,0.044991557133415634,0.7138140805491843,0.06302979786321249,0.06290601917696266,0.9980361877961522,0.06302979782843225,0.06286127577855533,0.9973263114323223,-0.01786971864513969,-0.28351223088313804,-0.017914462043547023,-0.28422210724696795
all,2,0,20565,0.06302979775742258,0.0582800544787845,0.9246428919712227,0.06302979786321249,0.07192713523937089,1.1411608108829325,0.06302979782843225,0.0629746714819729,0.9991253923008067,-0.004694617003188399,-0.07448250032958392,-0.01364708076058639,-0.2165179189117098
all,2,1,20565,0.06302979775742258,0.06741220061661603,1.0695290642698811,0.06302979786321249,0.07858955602909044,1.24686352635377,0.06302979782843225,0.06300091022824714,0.9995416834389389,0.004411290388368886,0.06998738083094225,-0.01117735541247442,-0.1773344620838888
all,2,2,20565,0.06302979775742258,0.051693247693053945,0.8201398311954189,0.06302979786321249,0.07303039023918506,1.1586645160702544,0.06302979782843225,0.06283768037009548,0.9969519582014255,-0.011144432677041537,-0.17681212700600657,-0.021337142546131116,-0.33852468487483556
all,2,3,20565,0.06302979775742258,0.06436603581887772,1.021200100730099,0.06302979786321249,0.07420749490695251,1.1773398840338645,0.06302979782843225,0.06307016926795066,1.0006405135492946,0.0012958665509270528,0.020559587180804417,-0.009841459088074801,-0.15613978330376543
all,2,4,20565,0.06302979775742258,0.055721528214462954,0.884050563336942,0.06302979786321249,0.0715371283017137,1.1349731512222814,0.06302979782843225,0.06299768662889217,0.9994905393853954,-0.007276158414429215,-0.11543997604845346,-0.01581560008725074,-0.2509225878853394
all,2,5,20565,0.06302979775742258,0.05701760751191402,0.9046135247229071,0.06302979786321249,0.07125747653796323,1.1305363328723739,0.06302979782843225,0.06286991199031809,0.9974633293517875,-0.00585230447840407,-0.09284980462888037,-0.014239869026049207,-0.22592280814946675
all,2,6,20565,0.06302979775742258,0.06512290663037194,1.0332082435200718,0.06302979786321249,0.07229398415090392,1.1469810566074892,0.06302979782843225,0.06286009771476751,0.9973076208474179,0.0022628089156044376,0.035900622672653926,-0.00717107752053198,-0.11377281308741738
all,2,7,20565,0.06302979775742258,0.06221948936024584,0.987144042563879,0.06302979786321249,0.0758029901500227,1.2026532325953296,0.06302979782843225,0.062827001759407,0.996782536577743,-0.0006075123991611634,-0.009638494013863963,-0.01358350078977686,-0.21550919003145064
all,2,8,20565,0.06302979775742258,0.0625619119113375,0.9925767515884187,0.06302979786321249,0.07756610703010383,1.2306259842120721,0.06302979782843225,0.06310325538252276,1.0011654416898252,-0.0005413434711852605,-0.008588690101406504,-0.015004195118766326,-0.2380492326236534
all,2,9,20565,0.06302979775742258,0.06702317657101325,1.0633569986843312,0.06302979786321249,0.08132790857470878,1.2903088909027907,0.06302979782843225,0.0629055658757049,0.9980289964904296,0.004117610695308363,0.06532800219390156,-0.014304732003695529,-0.22695189221845946
all,2,10,20565,0.06302979775742258,0.06677130210577242,1.0593608813842217,0.06302979786321249,0.07126124912649646,1.1305961869201597,0.06302979782843225,0.06309767303458595,1.0010768748828685,0.00367362907118647,0.058284006501353236,-0.0044899470207240425,-0.07123530553593804
all,2,11,20565,0.06302979775742258,0.07260905572559903,1.1519798303184048,0.06302979786321249,0.08200285004752123,1.3010171827852617,0.06302979782843225,0.0629604892919681,0.9989003845982054,0.009648566433630925,0.15307944572019938,-0.009393794321922194,-0.1490373524668569
all,2,12,20565,0.06302979775742258,0.06905466565985025,1.095587612792525,0.06302979786321249,0.07567010747525572,1.2005449809544888,0.06302979782843225,0.06301967895936439,0.9998394589635937,0.00603498670048586,0.09574815382893131,-0.0066154418154054685,-0.10495736816196377
all,2,13,20565,0.06302979775742258,0.06132736642202582,0.9729900555615177,0.06302979786321249,0.07351152257069514,1.1662979267398275,0.06302979782843225,0.06301447921802775,0.9997569624061591,-0.0016871127960019206,-0.026766906844641336,-0.012184156148669321,-0.19330787117830972
all,2,14,20565,0.06302979775742258,0.059882001351321025,0.9500585989785941,0.06302979786321249,0.07670705384968146,1.2169966658651103,0.06302979782843225,0.06285411575123026,0.9972127139344443,-0.0029721143999092378,-0.0471541149558502,-0.016825052498360436,-0.2669380668865162
all,2,15,20565,0.06302979775742258,0.07263525890812746,1.152395557219977,0.06302979786321249,0.07895866698833849,1.2527196606229785,0.06302979782843225,0.06315320049468422,1.0019578464552252,0.009482058413443241,0.15043771076475188,-0.006323408080211035,-0.10032410340300135
all,2,16,20565,0.06302979775742258,0.058101238833489915,0.9218058902409811,0.06302979786321249,0.0699275909013885,1.1094370166495793,0.06302979782843225,0.06291998021117148,0.9982576872995899,-0.004818741377681567,-0.07645179705860872,-0.01182635206789858,-0.18763112640859814
all,2,17,20565,0.06302979775742258,0.06811974259886375,1.0807545799374196,0.06302979786321249,0.07955515604079451,1.262183264706725,0.06302979782843225,0.06300187493170245,0.9995569889529743,0.005117867667161298,0.08119759098444534,-0.011435413441930754,-0.1814286847693054
all,2,18,20565,0.06302979775742258,0.06037944878041454,0.9579508570341887,0.06302979786321249,0.07179910340449423,1.139129520299477,0.06302979782843225,0.06284898627580997,0.9971313321817334,-0.00246953749539543,-0.03918047514754475,-0.01141965462407969,-0.1811786632652882
all,2,19,20565,0.06302979775742258,0.055729474544995224,0.8841766359377593,0.06302979786321249,0.07405997814559426,1.174999455119934,0.06302979782843225,0.06290305814523058,0.9979892100630456,-0.0071735836002353465,-0.11381257412528634,-0.01833050360059904,-0.2908228191821748
all,2,20,20565,0.06302979775742258,0.06885746412546188,1.0924589095219337,0.06302979786321249,0.07365547308746753,1.1685817753582983,0.06302979782843225,0.06315156326643884,1.0019318709912102,0.005705900859023059,0.09052703853072352,-0.004798008962005645,-0.07612286583636463
all,2,21,20565,0.06302979775742258,0.07782305886377072,1.2347026586263485,0.06302979786321249,0.08108442716577642,1.2864459337430554,0.06302979782843225,0.06304051115130246,1.000169972350211,0.014782547712468251,0.23453268627613744,-0.003261368302005705,-0.051743275116706844
all,2,22,20565,0.06302979775742258,0.06478925529021001,1.027914694246028,0.06302979786321249,0.07288231034363502,1.1563151527441748,0.06302979782843225,0.06299345903008009,0.9994234663666371,0.0017957962601299112,0.028491227879390846,-0.008093055053425008,-0.12840045849814685
all,2,23,20565,0.06302979775742258,0.06444455578161502,1.0224458601253537,0.06302979786321249,0.07271414036418063,1.1536470499554057,0.06302979782843225,0.06307304994698021,1.0006862169963753,0.0013715058346348028,0.02175964312897838,-0.008269584582565607,-0.13120118983005202
all,2,24,20565,0.06302979775742258,0.065971832645053,1.0466768892223512,0.06302979786321249,0.07868439502128279,1.2483681955008639,0.06302979782843225,0.0629910594952643,0.9993853965187484,0.0029807731497886983,0.04729149270360289,-0.012712562376229782,-0.20169130627851262
all,2,25,20565,0.06302979775742258,0.06224593401076682,0.9875636004787363,0.06302979786321249,0.07597548095031634,1.2053898874179896,0.06302979782843225,0.06297198186549043,0.9990827201588176,-0.0007260478547236022,-0.011519119680081347,-0.013729546939549524,-0.21782628693925332
all,2,26,20565,0.06302979775742258,0.07240230551404109,1.1486996323975158,0.06302979786321249,0.07734893575770821,1.2271804508332895,0.06302979782843225,0.0630997581708132,1.0011099566362467,0.009302547343227892,0.14758967576126913,-0.0049466302436671165,-0.0784808184357737
all,2,27,20565,0.06302979775742258,0.052477167225620576,0.8325771157887097,0.06302979786321249,0.07394480167616611,1.173172121488338,0.06302979782843225,0.0628174263225751,0.9966306173718783,-0.010340259096954527,-0.16405350158316856,-0.02146763445054553,-0.3405950056996282
all,2,28,20565,0.06302979775742258,0.04763889751899077,0.755815490672119,0.06302979786321249,0.06844752069346202,1.0859549453419968,0.06302979782843225,0.06269048531447607,0.9946166333123933,-0.015051587795485308,-0.2388011426402743,-0.020808623174471255,-0.3301394546698778
all,2,29,20565,0.06302979775742258,0.06981361880370884,1.1076287928511936,0.06302979786321249,0.07558281599040627,1.1991600568739944,0.06302979782843225,0.06305428573035744,1.0003885130964858,0.006759333073351408,0.10724027975470785,-0.005769197186697415,-0.09153126402280076
all,2,30,20565,0.06302979775742258,0.06828873167876422,1.0834356781784584,0.06302979786321249,0.074864884240767,1.1877697022484357,0.06302979782843225,0.06316108996298893,1.0020830169075594,0.00512764171577529,0.08135266127089902,-0.006576152562002776,-0.10433402406997727
all,2,31,20565,0.06302979775742258,0.061150116273631094,0.9701778912408119,0.06302979786321249,0.07117008167463239,1.129149768639366,0.06302979782843225,0.06307015985905093,1.0006403642722852,-0.0019200435854198395,-0.030462473031473314,-0.010019965401001286,-0.158971877398554
all,2,32,20565,0.06302979775742258,0.05903710784825775,0.9366539311369654,0.06302979786321249,0.07233104265985366,1.1475690088174924,0.06302979782843225,0.0627898761497852,0.996193519780912,-0.0037527683015274567,-0.059539588643946595,-0.013293934811595914,-0.21091507768052697
all,2,33,20565,0.06302979775742258,0.06379688810701195,1.0121702809922002,0.06302979786321249,0.0718194767705953,1.1394527541791932,0.06302979782843225,0.06295359006361914,0.9987909248095552,0.0008432980433928151,0.013379356182644964,-0.00802258866358335,-0.12728247318699304
all,2,34,20565,0.06302979775742258,0.05738856616605924,0.9104989736271363,0.06302979786321249,0.07563537604873151,1.1999939490981026,0.06302979782843225,0.06284828595084009,0.9971202211676733,-0.005459719784780857,-0.08662124754053702,-0.01824680988267227,-0.28949497547096636
all,2,35,20565,0.06302979775742258,0.05141088778681559,0.8156600467714699,0.06302979786321249,0.06818099219869182,1.0817263343705856,0.06302979782843225,0.06296894974486235,0.9990346140132715,-0.011558061958046767,-0.18337456724180168,-0.016770104411876232,-0.26606628759911577
all,2,36,20565,0.06302979775742258,0.056650428818445946,0.8987880468294002,0.06302979786321249,0.07149854652237608,1.1343610315480068,0.06302979782843225,0.06289284900165092,0.9978272367753088,-0.006242420183204965,-0.09903918994590866,-0.014848117703930134,-0.23557298471860666
all,2,37,20565,0.06302979775742258,0.048842667779934366,0.7749139219502336,0.06302979786321249,0.06854747149476512,1.0875407159567145,0.06302979782843225,0.06290209360632193,0.9979739071596275,-0.014059425826387563,-0.22305998520939396,-0.019704803714830743,-0.31262679400648097
all,2,38,20565,0.06302979775742258,0.05708464959148592,0.905677181627375,0.06302979786321249,0.0724884621583427,1.1500665497239488,0.06302979782843225,0.06273890570077933,0.9953848475217273,-0.005654256109293408,-0.0897076658943523,-0.01540381256685679,-0.24438936809657386
all,2,39,20565,0.06302979775742258,0.07289088232041496,1.1564511534836888,0.06302979786321249,0.08317405526985254,1.3195989530278551,0.06302979782843225,0.06285962598738432,0.9973001366510624,0.010031256333030642,0.15915101683262634,-0.01028317294943758,-0.16314779954416636
all,2,40,20565,0.06302979775742258,0.07488336538966839,1.188062917127953,0.06302979786321249,0.08220049462815777,1.3041529152060682,0.06302979782843225,0.06308438091118755,1.0008659885424966,0.011798984478480833,0.18719692858545645,-0.007317129238489395,-0.11608999807811515
all,2,41,20565,0.06302979775742258,0.05416331586534184,0.8593287269268353,0.06302979786321249,0.0701424850879607,1.1128464228964243,0.06302979782843225,0.06298165267340237,0.9992361524756764,-0.008818336808060538,-0.13990742554884117,-0.015979169222618862,-0.25351769596958906
all,2,42,20565,0.06302979775742258,0.06577201778589484,1.0435067242167904,0.06302979786321249,0.0819891653094534,1.3008000674123468,0.06302979782843225,0.06280140637533561,0.9963764527102195,0.0029706114105592235,0.0471302715065709,-0.016217147523558562,-0.2572933431955564
all,2,43,20565,0.06302979775742258,0.07441900388833335,1.180695584249587,0.06302979786321249,0.07486363310260898,1.187749852301261,0.06302979782843225,0.06309000326574928,1.0009551900750326,0.01132900062258408,0.17974039417455434,-0.0004446292142756238,-0.007054268051674084
all,2,44,20565,0.06302979775742258,0.07648195816899557,1.213425409729937,0.06302979786321249,0.07878523319850952,1.249968044788745,0.06302979782843225,0.06308952375867516,1.000947582449899,0.013392434410320415,0.21247782728003806,-0.002303275029513955,-0.03654263505880784
all,2,45,20565,0.06302979775742258,0.06077885782002686,0.9642876858647282,0.06302979786321249,0.07290764404073585,1.1567170848137622,0.06302979782843225,0.06288027196889687,0.9976276957139798,-0.0021014141488700077,-0.03334000984925156,-0.012128786220709,-0.192429398949034
all,2,46,20565,0.06302979775742258,0.0711370213698834,1.1286252518794746,0.06302979786321249,0.07805375177553614,1.238362717661394,0.06302979782843225,0.06297021257996092,0.9990546495384053,0.00816680878992248,0.12957060234106932,-0.006916730405652745,-0.10973746578191945
all,2,47,20565,0.06302979775742258,0.06399252480609216,1.0152741573497466,0.06302979786321249,0.07469704480696385,1.1851068437355878,0.06302979782843225,0.06295127589709289,0.9987542093732698,0.0010412489089992785,0.016519947976476823,-0.010704520000871692,-0.16983268638584126
all,2,48,20565,0.06302979775742258,0.05021842626491124,0.7967410344260127,0.06302979786321249,0.07036316106274793,1.116347560172259,0.06302979782843225,0.06262947017137284,0.9936485968406705,-0.012411043906461599,-0.1969075624146578,-0.020144734797836683,-0.31960652574624626
all,2,49,20565,0.06302979775742258,0.05508692782791592,0.8739823034166203,0.06302979786321249,0.06983734542889343,1.1080052260433186,0.06302979782843225,0.06287075659444726,0.997476729428549,-0.007783828766531339,-0.12349442601192873,-0.014750417600977516,-0.23402292262669833
all,2,50,20565,0.06302979775742258,0.054605635338812276,0.866346351752045,0.06302979786321249,0.0697238359838514,1.106204340606745,0.06302979782843225,0.06287005319572228,0.9974655696477912,-0.008264417856910006,-0.1311192178957462,-0.015118200645039125,-0.2398579888547
all,2,51,20565,0.06302979775742258,0.07263201696912781,1.152344122198527,0.06302979786321249,0.07797612284414095,1.237131094936478,0.06302979782843225,0.0631950355322618,1.0026215807367707,0.009436981436866002,0.14972254146175645,-0.005344105875013143,-0.08478697273795088
all,2,52,20565,0.06302979775742258,0.0741910840707104,1.1770795196938963,0.06302979786321249,0.07500654095546073,1.1900171585230246,0.06302979782843225,0.06287819151613189,0.9975946882661273,0.011312892554578508,0.17948483142776905,-0.0008154568847503406,-0.01293763882912824
all,2,53,20565,0.06302979775742258,0.06990025771255116,1.1090033634816716,0.06302979786321249,0.07887312193842025,1.2513624446264449,0.06302979782843225,0.06312854019831311,1.0015665982326272,0.006771717514238057,0.10743676524904444,-0.008972864225869077,-0.14235908114477325
all,2,54,20565,0.06302979775742258,0.06465612527632549,1.0258025184399608,0.06302979786321249,0.07590874896239631,1.20433115027806,0.06302979782843225,0.06292481738056172,0.9983344314675372,0.0017313078957637684,0.027468086972423644,-0.011252623686070832,-0.1785286318380992
all,2,55,20565,0.06302979775742258,0.07765078348266818,1.2319694215348136,0.06302979786321249,0.08187776015763036,1.2990325676646113,0.06302979782843225,0.063082987663414,1.0008438839535314,0.014567795819254199,0.23112553758128218,-0.004226976674962168,-0.06706314612979769
all,2,56,20565,0.06302979775742258,0.06265979195423488,0.9941296685638797,0.06302979786321249,0.07016049226994588,1.1131321160541947,0.06302979782843225,0.06305916331899174,1.0004658985364259,-0.00039937136475685843,-0.006336229972546126,-0.007500700315710999,-0.11900244749031497
all,2,57,20565,0.06302979775742258,0.06242676322990809,0.9904325485886003,0.06302979786321249,0.0756251750333217,1.1998321047680296,0.06302979782843225,0.06288965381457891,0.9977765434971756,-0.00046289058467082286,-0.007343994908575291,-0.013198411803413614,-0.2093995561794293
all,2,58,20565,0.06302979775742258,0.061643298283532266,0.9780024762378834,0.06302979786321249,0.07661061944272898,1.215466684646358,0.06302979782843225,0.06300985430245697,0.9996835857536848,-0.0013665560189246907,-0.021681109515801378,-0.01496732115919672,-0.2374642084084746
all,2,59,20565,0.06302979775742258,0.07137640668384942,1.1324232224026758,0.06302979786321249,0.07384570654134753,1.1715999264603032,0.06302979782843225,0.06309019116153354,1.0009581711378115,0.008286215522315886,0.1314650512648643,-0.0024692998574980993,-0.03917670405762741
all,2,60,20565,0.06302979775742258,0.06764246210926424,1.073182280698314,0.06302979786321249,0.07711549184486403,1.223476743685905,0.06302979782843225,0.06311891355468904,1.001413866604798,0.004523548554575196,0.07176841409351598,-0.009473029735599799,-0.15029446298759108
all,2,61,20565,0.06302979775742258,0.05552892211189282,0.8809947689440836,0.06302979786321249,0.07370860277809367,1.1694247050903823,0.06302979782843225,0.06297302247531605,0.9990992299662655,-0.007444100363423231,-0.11810446102218197,-0.018179680666200855,-0.28842993614629875
all,2,62,20565,0.06302979775742258,0.05749015213682552,0.9121106870449271,0.06302979786321249,0.07670464113974206,1.2169583869871639,0.06302979782843225,0.06292370807952871,0.9983168318389294,-0.005433555942703195,-0.08620614479400224,-0.01921448900291654,-0.3048476999422367
all,2,63,20565,0.06302979775742258,0.05328641677648463,0.8454162740861637,0.06302979786321249,0.06964751124932707,1.1049934096326368,0.06302979782843225,0.06287452894370073,0.9975365796800719,-0.009588112167216096,-0.1521203055939082,-0.01636109447284243,-0.2595771355464731
references,1,0,18871,0.06348250746003686,0.04665019307663584,0.7348511415684518,0.06348250752241785,0.06727032065486296,1.0596670371142398,0.06348250753742088,0.06354257780820304,1.0009462491812684,-0.01689238473156719,-0.26609510761281663,-0.020620127578227124,-0.32481589554578805
references,1,1,18871,0.06348250746003686,0.05823998095068034,0.9174177782335273,0.06348250752241785,0.07206125924680869,1.1351356784601077,0.06348250753742088,0.06342600852436082,0.9991100065947026,-0.005186027573680492,-0.08169222836117529,-0.013821278296128349,-0.21771790022658033
references,1,2,18871,0.06348250746003686,0.07564659034547563,1.1916131446618778,0.06348250752241785,0.07582195529017474,1.194375557131221,0.06348250753742088,0.06345778983350998,0.999610637561909,0.012188800511965657,0.1920025070999688,-0.000175364944699108,-0.0027624124693430563
references,1,3,18871,0.06348250746003686,0.05744846117921915,0.9049494652583434,0.06348250752241785,0.07452131870106138,1.1738874472585277,0.06348250753742088,0.06336973012757836,0.9982234884188208,-0.005921268948359207,-0.09327402316047739,-0.017072857521842233,-0.26893798200018426
references,1,4,18871,0.06348250746003686,0.05432589455538862,0.8557616377958532,0.06348250752241785,0.06914151254983125,1.0891427457463776,0.06348250753742088,0.06345958539559311,0.9996389219216923,-0.009133690840204496,-0.1438772841258391,-0.014815617994442639,-0.23338110795052436
references,1,5,18871,0.06348250746003686,0.07341685365971566,1.1564895054898803,0.06348250752241785,0.07920336427373251,1.247640765383489,0.06348250753742088,0.06341453998201896,0.9989293498628445,0.010002313677696698,0.15756015562703574,-0.005786510614016848,-0.09115125989360862
references,1,6,18871,0.06348250746003686,0.06607235085741438,1.0407961736389801,0.06348250752241785,0.07748051718051897,1.2205018390799691,0.06348250753742088,0.06337913433143892,0.9983716269254013,0.0026932165259754477,0.04242454671357887,-0.011408166323104593,-0.17970566544098898
references,1,7,18871,0.06348250746003686,0.0449441581653871,0.7079770469633715,0.06348250752241785,0.06525345965426321,1.0278966947110584,0.06348250753742088,0.06361672699078136,1.0021142746020446,-0.018672568825394253,-0.2941372276386731,-0.02030930148887611,-0.3199196477476869
references,1,8,18871,0.06348250746003686,0.06586571146955798,1.0375411133692438,0.06348250752241785,0.07100251322235808,1.11845791846336,0.06348250753742088,0.06324492978329577,0.9962575871158671,0.0026207816862622068,0.04128352625337672,-0.0051368017528001,-0.08091680509411625
references,1,9,18871,0.06348250746003686,0.062444208001690385,0.983644321878746,0.06348250752241785,0.07622277023783297,1.2006893428227625,0.06348250753742088,0.06334890500979755,0.9978954434409419,-0.000904697008107159,-0.01425112156219599,-0.013778562236142579,-0.21704502094401656
references,1,10,18871,0.06348250746003686,0.04902533177110798,0.7722652071040219,0.06348250752241785,0.0677373519219716,1.0670238868250628,0.06348250753742088,0.06353862326640128,1.0008839557723412,-0.014513291495293297,-0.22861874866831933,-0.018712020150863613,-0.29475867972104086
references,1,11,18871,0.06348250746003686,0.06370163408995554,1.0034517639375953,0.06348250752241785,0.07181929020527644,1.1313240923874122,0.06348250753742088,0.0633570156872494,0.9980232058398527,0.0003446184027061371,0.005428558097742564,-0.008117656115320912,-0.12787232844981689
references,1,12,18871,0.06348250746003686,0.058049723319250325,0.9144207694661943,0.06348250752241785,0.07789166454012775,1.2269783847561713,0.06348250753742088,0.06353235125187302,1.0007851566736359,-0.0054826279326226956,-0.08636438720744155,-0.019841941220877426,-0.31255761528997694
references,1,13,18871,0.06348250746003686,0.06599229475963296,1.0395351002979214,0.06348250752241785,0.07640701412971407,1.2035916209316737,0.06348250753742088,0.0635270272448596,1.0007012909408546,0.002465267514773359,0.03883380935706682,-0.01041471937008111,-0.1640565206337523
references,1,14,18871,0.06348250746003686,0.07605747434965368,1.1980855418720338,0.06348250752241785,0.08284336704055845,1.3049794388053058,0.06348250753742088,0.0635998698694826,1.0018487349762064,0.012457604480171088,0.19623680689582734,-0.006785892690904764,-0.106893896933272
references,1,15,18871,0.06348250746003686,0.04863816644684204,0.7661664353359144,0.06348250752241785,0.0695990495260162,1.0963500378657598,0.06348250753742088,0.06350869356169109,1.0004124919648891,-0.014870527114849047,-0.23424605662897469,-0.020960883079174156,-0.33018360252984535
references,1,16,18871,0.06348250746003686,0.06633368758224636,1.0449128466452646,0.06348250752241785,0.07755793293192924,1.2217213207046187,0.06348250753742088,0.06333812094063011,0.9977255687843513,0.0029955666416162457,0.04718727786091337,-0.011224245349682875,-0.17680847405935407
references,1,17,18871,0.06348250746003686,0.07360396834131709,1.1594370053459504,0.06348250752241785,0.07183642209185799,1.1315939602179401,0.06348250753742088,0.06312910818986305,0.9944331224258979,0.01047486015145405,0.16500388292005252,0.0017675462494591014,0.02784304512801028
references,1,18,18871,0.06348250746003686,0.07059914868224909,1.1121039717388645,0.06348250752241785,0.07786082300723664,1.2264925574929646,0.06348250753742088,0.06321398119587161,0.9957700734900716,0.007385167486377479,0.11633389824879292,-0.007261674324987544,-0.11438858575410005
references,1,19,18871,0.06348250746003686,0.053680748727861466,0.8455990614682991,0.06348250752241785,0.07389624892266085,1.1640411163116948,0.06348250753742088,0.06364718828626233,1.0025941122244482,-0.009966439558400859,-0.15699505075614906,-0.020215500194799375,-0.3184420548433957
references,1,20,18871,0.06348250746003686,0.06605527712707508,1.0405272219068822,0.06348250752241785,0.0821396782745536,1.2938946724110931,0.06348250753742088,0.06352498827036347,1.0006691722584768,0.002530288856711609,0.039858049648405336,-0.01608440114747852,-0.25336745050421094
references,1,21,18871,0.06348250746003686,0.06580080076742975,1.0365186159171846,0.06348250752241785,0.07718369369634188,1.2158261654848095,0.06348250753742088,0.06352742768726975,1.0007075988581957,0.002273373080159995,0.035811017058988925,-0.011382892928912128,-0.17930754956762485
references,1,22,18871,0.06348250746003686,0.05283054393766446,0.8322063203146479,0.06348250752241785,0.06550067407035857,1.0317909078690384,0.06348250753742088,0.06320198338754213,0.9955810795641085,-0.010371439449877666,-0.16337475924946054,-0.012670130132694118,-0.19958458755439046
references,1,23,18871,0.06348250746003686,0.06200356328235918,0.9767031228467354,0.06348250752241785,0.0727271707257193,1.145625363018889,0.06348250753742088,0.0631780252986339,0.995203682863228,-0.0011744620162747106,-0.018500560016492584,-0.010723607443360124,-0.16892224017215363
references,1,24,18871,0.06348250746003686,0.07867072681341622,1.2392504638059636,0.06348250752241785,0.08329312764469438,1.3120642346284244,0.06348250753742088,0.06359582922265283,1.0017850852089476,0.015074897590763392,0.237465378597016,-0.004622400831278159,-0.07281377082246077
references,1,25,18871,0.06348250746003686,0.06140505219058326,0.9672751541712276,0.06348250752241785,0.07765962191134933,1.2233231632182306,0.06348250753742088,0.06358874658495069,1.0016735168734032,-0.002183694394367433,-0.03439836270217567,-0.01625456972076607,-0.2560480090470031
references,1,26,18871,0.06348250746003686,0.06594014810534432,1.0387136668609787,0.06348250752241785,0.08120263318341851,1.279133990646842,0.06348250753742088,0.0635188455826193,1.000572410363233,0.0024213025227250162,0.03814125649774569,-0.015262485078074187,-0.2404203237858633
references,1,27,18871,0.06348250746003686,0.0757141615149917,1.1926775507828649,0.06348250752241785,0.08261852187715156,1.3014375944109662,0.06348250753742088,0.06351736435258058,1.000549077478377,0.01219679716241113,0.1921284733044879,-0.006904360362159854,-0.10876004362810132
references,1,28,18871,0.06348250746003686,0.05886768234723316,0.9273055634151062,0.06348250752241785,0.07538483109498692,1.1874898147078696,0.06348250753742088,0.06341458608721803,0.9989300761290375,-0.004546903739984871,-0.07162451271393133,-0.01651714874775376,-0.26018425129276346
references,1,29,18871,0.06348250746003686,0.07890107068247751,1.2428789258544466,0.06348250752241785,0.08558408632281475,1.3481522652927984,0.06348250753742088,0.06357348425627882,1.0014330990124218,0.015327586426198686,0.24144582684202476,-0.006683015640337238,-0.10527333943835182
references,1,30,18871,0.06348250746003686,0.053243295185196465,0.8387081310345826,0.06348250752241785,0.07182881806980894,1.1314741788427893,0.06348250753742088,0.06345483316261483,0.999564062985544,-0.010211537977418368,-0.16085593195096137,-0.01858552288461247,-0.2927660478082067
references,1,31,18871,0.06348250746003686,0.07980085573042243,1.257052673614983,0.06348250752241785,0.0842761342782334,1.32754891965275,0.06348250753742088,0.06355637363521582,1.001163566164292,0.016244482095206608,0.25588910745069104,-0.0044752785478109625,-0.07049624603776694
references,1,32,18871,0.06348250746003686,0.07526145302817154,1.1855463188115196,0.06348250752241785,0.08122948123985352,1.279556911187993,0.06348250753742088,0.06337868565509217,0.9983645592092041,0.011882767373079365,0.18718175960231553,-0.005968028211681988,-0.09401059237647336
references,1,33,18871,0.06348250746003686,0.05523410008569588,0.8700680281172972,0.06348250752241785,0.07508519823616497,1.1827698868014909,0.06348250753742088,0.06364581807845496,1.0025725282029512,-0.008411717992759079,-0.13250450008565395,-0.019851098150469083,-0.31270185868419365
references,1,34,18871,0.06348250746003686,0.06877360881031981,1.0833473906747269,0.06348250752241785,0.08038952977932363,1.2663256842987074,0.06348250753742088,0.0632873864752005,0.9969263806710005,0.005486222335119315,0.08642101000372637,-0.011615920969003813,-0.18297829362398055
references,1,35,18871,0.06348250746003686,0.05339058613549529,0.8410283127065424,0.06348250752241785,0.07091028851517989,1.1170051606757818,0.06348250753742088,0.0633488304232763,0.9978942685264002,-0.009958244287781004,-0.15686595581985774,-0.017519702379684594,-0.2759768479692394
references,1,36,18871,0.06348250746003686,0.08740893236453387,1.3768979182109187,0.06348250752241785,0.08704253485545048,1.3711262874219763,0.06348250753742088,0.06343552680712532,0.9992599421144814,0.02397340555740855,0.37763797609643723,0.0003663975090833911,0.0057716307889423835
references,1,37,18871,0.06348250746003686,0.04605480619232138,0.7254723865674891,0.06348250752241785,0.06404906559632292,1.008924632879459,0.06348250753742088,0.06355047877873016,1.0010707081989352,-0.01749567258640878,-0.27559832163144604,-0.017994259404001543,-0.28345224631196986
references,1,38,18871,0.06348250746003686,0.08328832535403918,1.3119885884543923,0.06348250752241785,0.07987296693396173,1.2581885947992184,0.06348250753742088,0.06319708294618585,0.9955038859946298,0.020091242407853326,0.31648470245976246,0.0034153584200774575,0.05379999365517385
references,1,39,18871,0.06348250746003686,0.06128976309149261,0.9654590775273864,0.06348250752241785,0.07228646059621467,1.1386831336283911,0.06348250753742088,0.0633799050824607,0.9983837680813145,-0.0020901419909680917,-0.032924690553928104,-0.010996697504722064,-0.17322405610100478
references,1,40,18871,0.06348250746003686,0.052759691063421474,0.8310902195637822,0.06348250752241785,0.06379713818717538,1.0049561789071801,0.06348250753742088,0.06338073847240246,0.9983968959487236,-0.010621047408980983,-0.16730667638494146,-0.011037447123753898,-0.173865959343398
references,1,41,18871,0.06348250746003686,0.06862318027081231,1.0809777845339767,0.06348250752241785,0.07754977679860325,1.2215928422678919,0.06348250753742088,0.06352838316642773,1.000722649920213,0.005094797104384582,0.08025513461376366,-0.008926596527790957,-0.14061505773391514
references,1,42,18871,0.06348250746003686,0.053787183838534064,0.8472756668030773,0.06348250752241785,0.07485842178245776,1.1791976200061518,0.06348250753742088,0.06348682466505395,1.0000680049954003,-0.009699640826519891,-0.15279233819232296,-0.0210712379439237,-0.3319219532030745
references,1,43,18871,0.06348250746003686,0.07586661319175683,1.1950790261319773,0.06348250752241785,0.08149664461135764,1.2837653676893335,0.06348250753742088,0.06331627793980434,0.9973814897352857,0.01255033525195249,0.19769753639669152,-0.005630031419600804,-0.08868634155735622
references,1,44,18871,0.06348250746003686,0.06459517955722312,1.0175272235093533,0.06348250752241785,0.07891622372850074,1.2431176210333643,0.06348250753742088,0.06338604076104752,0.9984804195657128,0.0012091387961755968,0.019046803943640556,-0.014321044171277617,-0.225590397524011
references,1,45,18871,0.06348250746003686,0.05132614591666611,0.8085084847818377,0.06348250752241785,0.06634747809569336,1.0451300789002984,0.06348250753742088,0.06352202439463626,1.0006224841889255,-0.012195878477970157,-0.19211399940708784,-0.015021332179027246,-0.23662159411846073
references,1,46,18871,0.06348250746003686,0.08088022093602233,1.2740552346162062,0.06348250752241785,0.08192882247699108,1.2905731936952742,0.06348250753742088,0.0635871637103447,1.0016485828456307,0.01729305722567763,0.27240665177057544,-0.0010486015409687593,-0.016517959079068056
references,1,47,18871,0.06348250746003686,0.05691321205690057,0.8965180225864307,0.06348250752241785,0.06987233667228113,1.1006549583380398,0.06348250753742088,0.06327770886637551,0.9967739353880336,-0.006364496809474936,-0.10025591280160295,-0.012959124615380546,-0.20413693575160918
references,1,48,18871,0.06348250746003686,0.06832997930851531,1.0763591742422904,0.06348250752241785,0.07159591625417891,1.1278054230749461,0.06348250753742088,0.06307399163840796,0.9935649060684613,0.005255987670107358,0.08279426817382918,-0.003265936945663601,-0.051446248832655694
references,1,49,18871,0.06348250746003686,0.0781887252984592,1.2316577971920866,0.06348250752241785,0.0845635963303695,1.3320771284988575,0.06348250753742088,0.06354904763835001,1.001048164344956,0.014639677660109198,0.23060963284713054,-0.006374871031910293,-0.10041933130677094
references,1,50,18871,0.06348250746003686,0.04912069776163013,0.7737674475532068,0.06348250752241785,0.06457238280932985,1.0171681196828453,0.06348250753742088,0.06335470807946295,0.9979868555462683,-0.014234010317832812,-0.2242194079930615,-0.015451685047699717,-0.24340067212963845
references,1,51,18871,0.06348250746003686,0.05355352673040086,0.8435950133840188,0.06348250752241785,0.06945183324065902,1.0940310323459292,0.06348250753742088,0.06348180592794546,0.9999889479873648,-0.0099282791975446,-0.15639393460334605,-0.015898306510258163,-0.2504360189619105
references,1,52,18871,0.06348250746003686,0.06192875658055585,0.975524739937862,0.06348250752241785,0.06912695323806278,1.088913402068305,0.06348250753742088,0.0634811421740603,0.9999784922900252,-0.001552385593504448,-0.024453752352163183,-0.007198196657506943,-0.11338866213044285
references,1,53,18871,0.06348250746003686,0.06020119714196178,0.9483115829956668,0.06348250752241785,0.0769389872551975,1.2119714588783013,0.06348250753742088,0.06357554037421426,1.0014654877446127,-0.0033743432322524687,-0.05315390474894599,-0.016737790113235725,-0.2636598758826345
references,1,54,18871,0.06348250746003686,0.0720873799287152,1.135547142243794,0.06348250752241785,0.07704529641422658,1.213646080174436,0.06348250753742088,0.06341649149629669,0.9989600908394289,0.008670888432418497,0.136587051404365,-0.004957916485511387,-0.07809893793064204
references,1,55,18871,0.06348250746003686,0.06869101891265794,1.0820464039782913,0.06348250752241785,0.07257607228476358,1.1432452043444326,0.06348250753742088,0.06324541658650866,0.9962652554205982,0.005445602326149273,0.08578114855769314,-0.003885053372105641,-0.061198800366141226
references,1,56,18871,0.06348250746003686,0.07362590788978442,1.1597826052496898,0.06348250752241785,0.08318379203779609,1.3103419396031424,0.06348250753742088,0.06340166642746625,0.9987265608576192,0.010224241462318168,0.16105604439207055,-0.009557884148011671,-0.1505593343534526
references,1,57,18871,0.06348250746003686,0.08425446118687457,1.3272075183847132,0.06348250752241785,0.07632318177452388,1.2022710625847846,0.06348250753742088,0.06338636148965766,0.9984854718017157,0.02086809969721691,0.32872204658299753,0.007931279412350684,0.12493645579992863
references,1,58,18871,0.06348250746003686,0.08723340192656216,1.374132897656521,0.06348250752241785,0.08278736485237727,1.3040972715695296,0.06348250753742088,0.06341445812154811,0.9989280603663512,0.02381894380501405,0.37520483729016985,0.0044460370741848925,0.07003562608699143
references,1,59,18871,0.06348250746003686,0.0871043478662222,1.3720999902383444,0.06348250752241785,0.08133053018711853,1.2811486716777518,0.06348250753742088,0.06322564194748304,0.995953757973621,0.023878705918739165,0.37614623226472343,0.005773817679103677,0.09095131856059258
references,1,60,18871,0.06348250746003686,0.05463292775577876,0.8605981386316689,0.06348250752241785,0.07262215788164413,1.1439711617566264,0.06348250753742088,0.0636528233835427,1.0026828783664763,-0.00901989562776394,-0.1420847397348074,-0.017989230125865365,-0.2833730231249575
references,1,61,18871,0.06348250746003686,0.05277961948130687,0.8314041393927672,0.06348250752241785,0.07154671249515485,1.1270303472163452,0.06348250753742088,0.06337944145576109,0.9983764648616151,-0.010599821974454223,-0.16697232546884788,-0.018767093013847973,-0.29562620782357796
references,1,62,18871,0.06348250746003686,0.07041528619447605,1.1092077016460555,0.06348250752241785,0.08333004474842039,1.312645766536454,0.06348250753742088,0.06357741039691538,1.001494945035663,0.006837875797560679,0.10771275661039259,-0.012914758553944326,-0.2034380648903984
references,1,63,18871,0.06348250746003686,0.04531668291219386,0.7138451949258834,0.06348250752241785,0.06314678155752391,0.9947115201022048,0.06348250753742088,0.06327649066971144,0.9967547459024362,-0.01795980775751758,-0.2829095509765528,-0.01783009864533005,-0.2808663251763214
references,2,0,18871,0.06348250746003686,0.058249090462296774,0.917561274638772,0.06348250752241785,0.07197152811483715,1.1337222003938885,0.06348250753742088,0.06345004640101311,0.9994886601417149,-0.0052009559387163375,-0.08192738550294287,-0.013722437652540378,-0.21616092575511647
references,2,1,18871,0.06348250746003686,0.0677640639749592,1.0674446660383987,0.06348250752241785,0.07895862481488085,1.2437855386698116,0.06348250753742088,0.06343776394714777,0.9992951823737156,0.004326300027811425,0.0681494836646831,-0.011194560839921657,-0.17634087263141285
references,2,2,18871,0.06348250746003686,0.05178679978904041,0.8157648754129779,0.06348250752241785,0.07308787766337288,1.1513073524634017,0.06348250753742088,0.06327251695251841,0.9966921504356347,-0.011485717163477993,-0.18092727502265682,-0.02130107787433246,-0.3355424770504237
references,2,3,18871,0.06348250746003686,0.06440837951495355,1.0145846799687228,0.06348250752241785,0.07430406196287583,1.170465138552325,0.06348250753742088,0.06356098819153785,1.0012362563666963,0.0008473913234156974,0.013348423602026482,-0.00989568244792227,-0.15588045858360222
references,2,4,18871,0.06348250746003686,0.055735685108994966,0.877969181417123,0.06348250752241785,0.07158480375447691,1.1276303748587415,0.06348250753742088,0.06347549658962925,0.9998895609505108,-0.007739811480634286,-0.12192037953338786,-0.01584911864548195,-0.24966119344161852
references,2,5,18871,0.06348250746003686,0.05726352700486185,0.9020363135610239,0.06348250752241785,0.07140661321158351,1.1248234513478754,0.06348250753742088,0.06332336136709613,0.997493070508739,-0.006059834362234277,-0.09545675694771516,-0.014143086206721667,-0.22278713778685155
references,2,6,18871,0.06348250746003686,0.06551683930658737,1.0320455496788805,0.06348250752241785,0.07234253202887826,1.1395663916289323,0.06348250753742088,0.0633456052863218,0.9978434649731128,0.002171234020265572,0.03420208470576769,-0.0068256927222908916,-0.10752084195005174
references,2,7,18871,0.06348250746003686,0.06256806596966145,0.9855953785229568,0.06348250752241785,0.07615674898138133,1.1996493515081734,0.06348250753742088,0.06326469664981736,0.9965689621274786,-0.0006966306801559051,-0.01097358360452183,-0.013588683011719872,-0.21405397298521667
references,2,8,18871,0.06348250746003686,0.0627527626991433,0.9885047899005417,0.06348250752241785,0.07776559946880793,1.2249925610034578,0.06348250753742088,0.06350807042938127,1.0004026761536684,-0.0007553077302379614,-0.01189788625312671,-0.015012836769664618,-0.23648777110291608
references,2,9,18871,0.06348250746003686,0.06707148099142256,1.0565348420373126,0.06348250752241785,0.08167195101243173,1.2865268591287224,0.06348250753742088,0.06335152205762629,0.9979366681488223,0.0037199589337962705,0.05859817388849031,-0.014600470021009173,-0.22999201709140982
references,2,10,18871,0.06348250746003686,0.06731932277406108,1.060438937709566,0.06348250752241785,0.07137185916960773,1.1242759927906736,0.06348250753742088,0.06358384920345866,1.0015963715040408,0.0037354735706024125,0.05884256620552519,-0.004052536395546652,-0.0638370550811076
references,2,11,18871,0.06348250746003686,0.07289580586963268,1.148281767469907,0.06348250752241785,0.08253165492666058,1.300069233993566,0.06348250753742088,0.06337502780406441,0.9983069393833709,0.009520778065568272,0.14997482808653617,-0.009635849057027891,-0.15178746652365893
references,2,12,18871,0.06348250746003686,0.06936869894191729,1.0927214711168407,0.06348250752241785,0.07585834281242783,1.1949487468755018,0.06348250753742088,0.06341398244579174,0.9989205673454418,0.005954716496125545,0.09380090377139894,-0.006489643870510532,-0.10222727575866108
references,2,13,18871,0.06348250746003686,0.0615545198608374,0.9696296243431601,0.06348250752241785,0.0737365726639158,1.16152583667047,0.06348250753742088,0.06348783226055879,1.00008387701344,-0.00193331239972139,-0.03045425267027979,-0.012182052803078401,-0.1918962123273098
references,2,14,18871,0.06348250746003686,0.06000816755805509,0.9452709094049424,0.06348250752241785,0.07688595669699501,1.2111361018599327,0.06348250753742088,0.06332946582629967,0.9975892302138348,-0.003321298268244577,-0.05231832080889243,-0.016877789138939923,-0.2658651924549903
references,2,15,18871,0.06348250746003686,0.07308393466459044,1.15124524201565,0.06348250752241785,0.07930858225810067,1.2492981980917197,0.06348250753742088,0.06359165341302925,1.001719306307238,0.009492281251561187,0.149525935708412,-0.006224647593510232,-0.09805295607606968
references,2,16,18871,0.06348250746003686,0.058250662473766576,0.9175860375464248,0.06348250752241785,0.06987081844839141,1.1006310427123192,0.06348250753742088,0.06336524360041612,0.9981528149792187,-0.005114581126649547,-0.08056677743279395,-0.011620155974624836,-0.1830450051658944
references,2,17,18871,0.06348250746003686,0.06818568620975475,1.0740862158395146,0.06348250752241785,0.07977461734969528,1.25663935567643,0.06348250753742088,0.06337752998020173,0.99834635458977,0.0048081562295530155,0.07573986124974463,-0.011588931139940539,-0.18255313983691535
references,2,18,18871,0.06348250746003686,0.06067351110131109,0.9557516476409809,0.06348250752241785,0.07187812052030303,1.132250809326024,0.06348250753742088,0.06334381354318683,0.9978152407708171,-0.0026703024418757294,-0.04206359312983621,-0.01120460941899193,-0.1764991616850431
references,2,19,18871,0.06348250746003686,0.05583587042488595,0.8795473376667646,0.06348250752241785,0.07416050118480513,1.1682037159388594,0.06348250753742088,0.06333489117392876,0.9976746923015746,-0.007499020749042818,-0.11812735463480994,-0.01832463075991918,-0.2886563782720948
references,2,20,18871,0.06348250746003686,0.06934706878506709,1.0923807448645921,0.06348250752241785,0.07389248308155787,1.1639817953861369,0.06348250753742088,0.06362513393949008,1.0022467039756602,0.005721934845577017,0.09013404088893195,-0.004545414296490773,-0.07160105052154475
references,2,21,18871,0.06348250746003686,0.07831761811192518,1.2336881645897058,0.06348250752241785,0.08144422448513385,1.2829396264218627,0.06348250753742088,0.06347913292017651,0.9999468417777546,0.014838485191748668,0.23374132281195115,-0.0031266063732086624,-0.049251461832156895
references,2,22,18871,0.06348250746003686,0.06502465248129329,1.0242924402793514,0.06348250752241785,0.07290665041843827,1.1484525936958685,0.06348250753742088,0.06348097483057927,0.9999758562334559,0.0015436776507140283,0.02431658404589554,-0.00788199793714498,-0.1241601534165171
references,2,23,18871,0.06348250746003686,0.06488817199332472,1.022142549019078,0.06348250752241785,0.07283599232270414,1.1473395611694017,0.06348250753742088,0.06358518620878467,1.0016174325077387,0.0013029857845400516,0.02052511651133937,-0.007947820329379423,-0.12519701215032364
references,2,24,18871,0.06348250746003686,0.06605013877752629,1.0404462807192327,0.06348250752241785,0.07902616338714445,1.2448494313057434,0.06348250753742088,0.06346442306387201,0.9997151266663781,0.002585715713654276,0.04073115405285466,-0.012976024609618156,-0.2044031505865107
references,2,25,18871,0.06348250746003686,0.0621847013573707,0.9795564769793765,0.06348250752241785,0.07604393105104879,1.1978722016327894,0.06348250753742088,0.06344507854843662,0.999410404685697,-0.0012603771910659155,-0.01985392770632044,-0.013859229693678095,-0.21831572465341287
references,2,26,18871,0.06348250746003686,0.07268192490445487,1.1449126351886647,0.06348250752241785,0.0775785983749025,1.2220468504257938,0.06348250753742088,0.06357012343841725,1.0013801581631716,0.009111801466037612,0.1435324770254931,-0.00489667347044763,-0.07713421523712904
references,2,27,18871,0.06348250746003686,0.052615596815873834,0.8288203935390565,0.06348250752241785,0.07408174958152502,1.1669631914801761,0.06348250753742088,0.06324834563044122,0.9963113948068036,-0.010632748814567388,-0.16749100126774719,-0.021466152765651187,-0.3381427979411197
references,2,28,18871,0.06348250746003686,0.047753692418494795,0.7522338724341728,0.06348250752241785,0.06850717635432928,1.0791504467610553,0.06348250753742088,0.06315346701607845,0.9948168316894466,-0.015399774597583654,-0.24258295925527373,-0.020753483935834482,-0.3269165743268825
references,2,29,18871,0.06348250746003686,0.07010528598667028,1.1043244634091138,0.06348250752241785,0.07569760499814945,1.1924167452178542,0.06348250753742088,0.06349929778409193,1.0002644861919032,0.006605988202578349,0.10405997721721061,-0.005592319011479177,-0.0880922818087404
references,2,30,18871,0.06348250746003686,0.06871933237567625,1.0824924081478042,0.06348250752241785,0.07512131048293683,1.1833387403043099,0.06348250753742088,0.06364220359252631,1.0025155914802404,0.005077128783149939,0.07997681666756384,-0.006401978107260572,-0.10084633215650562
references,2,31,18871,0.06348250746003686,0.06155853742918865,0.9696929105697444,0.06348250752241785,0.0712796708297593,1.1228238078747599,0.06348250753742088,0.06358344197902938,1.0015899567538191,-0.0020249045498407186,-0.03189704618407474,-0.009721133400570651,-0.1531308973050155
references,2,32,18871,0.06348250746003686,0.059264616173292345,0.9335582122461099,0.06348250752241785,0.07259436804750097,1.1435334059837727,0.06348250753742088,0.06327069365201107,0.9966634291299072,-0.0040060774787187324,-0.06310521688379733,-0.013329751874208625,-0.20997519373766282
references,2,33,18871,0.06348250746003686,0.0640009640835405,1.0081669210030815,0.06348250752241785,0.0718428646713996,1.1316954461200104,0.06348250753742088,0.06344602731319854,0.9994253499800582,0.0005549367703419681,0.008741571023023309,-0.007841900587859081,-0.12352852511692891
references,2,34,18871,0.06348250746003686,0.0576506385978075,0.9081342389334478,0.06348250752241785,0.07589040104791132,1.195453740089139,0.06348250753742088,0.06331247018825399,0.9973215086208329,-0.005661831590446486,-0.0891872696873851,-0.018239762450103825,-0.28731950115569116
references,2,35,18871,0.06348250746003686,0.05151784127405111,0.8115281411415943,0.06348250752241785,0.06809633589657595,1.07267873551669,0.06348250753742088,0.06347032869333386,0.9998081543316504,-0.011952487419282742,-0.18828001319005605,-0.016578494622524836,-0.2611505943750957
references,2,36,18871,0.06348250746003686,0.05689931236596182,0.8962990695000626,0.06348250752241785,0.07158808930140914,1.1276821300124122,0.06348250753742088,0.06333339101712514,0.9976510612752995,-0.0064340786511633144,-0.1013519917752369,-0.014688776935447328,-0.2313830605123497
references,2,37,18871,0.06348250746003686,0.04891276028307132,0.7704919392773292,0.06348250752241785,0.06861460036121159,1.0808426295539981,0.06348250753742088,0.06334646638808236,0.9978570293673683,-0.014433706105011046,-0.22736509009003913,-0.019701840078140263,-0.31035069027666895
references,2,38,18871,0.06348250746003686,0.05728830312914717,0.9024265962589927,0.06348250752241785,0.07266576621555308,1.1446580964038369,0.06348250753742088,0.06316466213732008,0.9949931813907409,-0.0058763590081729175,-0.0925665851317482,-0.015377463086405908,-0.24223150014484418
references,2,39,18871,0.06348250746003686,0.07325166395462322,1.153887375994658,0.06348250752241785,0.08368745369136975,1.3182758047453755,0.06348250753742088,0.06328650367830252,0.9969124745268951,0.009965160276320705,0.15697490146776283,-0.01043578973674652,-0.16438842875071757
references,2,40,18871,0.06348250746003686,0.07507650949375339,1.1826330196710506,0.06348250752241785,0.08264278069594146,1.3018197283205526,0.06348250753742088,0.06351684821249066,1.0005409470482802,0.01155966128126272,0.18209207262277038,-0.007566271202188063,-0.11918670864950198
references,2,41,18871,0.06348250746003686,0.05410276885663053,0.8522468790428449,0.06348250752241785,0.07025651661771437,1.1067067033057,0.06348250753742088,0.06344046944889695,0.9993378004405521,-0.009337700592266414,-0.14709092139770719,-0.016153747761083838,-0.2544598242628552
references,2,42,18871,0.06348250746003686,0.06597602857412713,1.0392788693115182,0.06348250752241785,0.08229127610773977,1.2962826976971553,0.06348250753742088,0.0632739152305176,0.9967141766292026,0.0027021133436095283,0.042564692682315663,-0.016315247533612645,-0.25700382838563707
references,2,43,18871,0.06348250746003686,0.07500885950946667,1.1815673720305677,0.06348250752241785,0.07499574565980943,1.181360796646633,0.06348250753742088,0.0635732970640687,1.0014301502913114,0.011435562445397968,0.18013722173925628,1.3113849657231336e-05,0.00020657538393464847
references,2,44,18871,0.06348250746003686,0.07699801822567401,1.2129013378078262,0.06348250752241785,0.07914724994189637,1.2467568316192732,0.06348250753742088,0.0635428583302022,1.0009506680678255,0.013455159895471809,0.21195066974000065,-0.0021492317162223554,-0.033855493811447035
references,2,45,18871,0.06348250746003686,0.06088948974394161,0.9591538233153819,0.06348250752241785,0.07290242691720007,1.1483860635381444,0.06348250753742088,0.06334470380658143,0.9978292645299461,-0.002455214062639825,-0.03867544121456423,-0.012012937173258466,-0.18923224022276253
references,2,46,18871,0.06348250746003686,0.07146156082125435,1.1256890075780388,0.06348250752241785,0.07819432704009412,1.2317460366933524,0.06348250753742088,0.0634374900932339,0.9992908685253109,0.00802407072802044,0.1263981390527279,-0.0067327662188397695,-0.10605702911531356
references,2,47,18871,0.06348250746003686,0.06432752233890104,1.0133109877456579,0.06348250752241785,0.07495709176814257,1.1807519062108982,0.06348250753742088,0.063426459108597,0.9991171043646813,0.0009010632303040492,0.014193883380976602,-0.010629569429241523,-0.16744091846524034
references,2,48,18871,0.06348250746003686,0.05035395468754717,0.7931941680036143,0.06348250752241785,0.07044547251876515,1.1096832067304276,0.06348250753742088,0.06303954754045762,0.9930223298646143,-0.012685592852910444,-0.19982816186099994,-0.02009151783121797,-0.31648903872681333
references,2,49,18871,0.06348250746003686,0.05523024902790414,0.8700073648267967,0.06348250752241785,0.06984605187673863,1.1002409104913442,0.06348250753742088,0.06337756999543007,0.9983469849244856,-0.008147320967525924,-0.12833962009768884,-0.014615802848834496,-0.23023354566454746
references,2,50,18871,0.06348250746003686,0.05482004049731709,0.8635456079271456,0.06348250752241785,0.0697520304090059,1.0987598494652102,0.06348250753742088,0.06339920248932818,0.9986877479903642,-0.008579161992011088,-0.13514214006321856,-0.01493198991168882,-0.23521424153806458
references,2,51,18871,0.06348250746003686,0.0728998118724786,1.148344871512362,0.06348250752241785,0.07819000925037858,1.2316780212685676,0.06348250753742088,0.06366229276800328,1.002832043622039,0.00923751910447531,0.14551282789032305,-0.005290197377899993,-0.08333314975620554
references,2,52,18871,0.06348250746003686,0.07467025833784374,1.1762336008049104,0.06348250752241785,0.07513901203591243,1.1836175817311292,0.06348250753742088,0.06335165739074328,0.9979387999662668,0.01131860094710046,0.17829480083864357,-0.0004687536980686936,-0.007383980926218836
references,2,53,18871,0.06348250746003686,0.07023353217541066,1.1063446449342547,0.06348250752241785,0.07909578764977475,1.2459461785097778,0.06348250753742088,0.06355209578750406,1.0010961799207785,0.006681436387906596,0.10524846501347618,-0.008862255474364086,-0.13960153357552318
references,2,54,18871,0.06348250746003686,0.06490462699038638,1.0224017542351294,0.06348250752241785,0.07605329795840383,1.198019752631019,0.06348250753742088,0.06338072921105806,0.9983967500605923,0.001523897779328325,0.024005004174537103,-0.01114867096801746,-0.17561799839588965
references,2,55,18871,0.06348250746003686,0.0781457609231546,1.2309810064189488,0.06348250752241785,0.08230374784191906,1.2964791570788974,0.06348250753742088,0.06351587723526769,1.0005256518549956,0.014629883687886909,0.23045535456395316,-0.004157986918764462,-0.06549815065994857
references,2,56,18871,0.06348250746003686,0.06307690906389275,0.9936108636477626,0.06348250752241785,0.07026363088105354,1.1068187698200334,0.06348250753742088,0.06357973980236814,1.0015316386941702,-0.0005028307384753822,-0.007920775046407535,-0.007186721817160785,-0.11320790617227072
references,2,57,18871,0.06348250746003686,0.062342848866266135,0.9820476751885051,0.06348250752241785,0.07587707137765885,1.1952437661802198,0.06348250753742088,0.06331894295528144,0.9974234700473508,-0.0009760940890153014,-0.01537579485884566,-0.013534222511392715,-0.21319609099171466
references,2,58,18871,0.06348250746003686,0.061595679393732436,0.9702779845693366,0.06348250752241785,0.0768827523622204,1.211085625990285,0.06348250753742088,0.06349499878475998,1.0001967667602252,-0.001899319391027543,-0.029918782190888615,-0.015287072968487966,-0.24080764142094835
references,2,59,18871,0.06348250746003686,0.07193292814764063,1.1331141605098605,0.06348250752241785,0.0740398975442257,1.1663039226684557,0.06348250753742088,0.06357495810553618,1.0014563156324725,0.008357970042104446,0.13165784487738796,-0.0021069693965850684,-0.03318976215859526
references,2,60,18871,0.06348250746003686,0.06763952062730517,1.0654828130392489,0.06348250752241785,0.07737108695823534,1.2187780536380506,0.06348250753742088,0.0636038072640064,1.0019107582748525,0.004035713363298783,0.06357205476439631,-0.009731566330930166,-0.15329524059880173
references,2,61,18871,0.06348250746003686,0.05552175735763996,0.8745993121426668,0.06348250752241785,0.0738663412727288,1.1635699999191755,0.06348250753742088,0.06343023376241264,0.999176564111343,-0.007908476404772673,-0.1245772519686762,-0.018344583915088846,-0.2889706877765087
references,2,62,18871,0.06348250746003686,0.05743712761500728,0.9047709347518254,0.06348250752241785,0.07687701485846962,1.210995246703538,0.06348250753742088,0.06341636115065799,0.9989580375865919,-0.005979233535650711,-0.0941871028347665,-0.01943988724346235,-0.30622431195171274
references,2,63,18871,0.06348250746003686,0.053411262756313534,0.8413540185055967,0.06348250752241785,0.06963350582903592,1.096892806328514,0.06348250753742088,0.06335956163675377,0.998063310580562,-0.00994829888044023,-0.1567092920749653,-0.016222243072722384,-0.2555387878229173
union_queries,1,0,1694,0.05798665442918521,0.04136756738953495,0.7133980705862947,0.05798665498336062,0.06504574400475062,1.1217364413142232,0.05798665442918521,0.05753511941629993,0.9922131218410487,-0.016167552026764984,-0.27881505125475403,-0.023678176615215672,-0.40833837072792856
union_queries,1,1,1694,0.05798665442918521,0.053028421425903846,0.9144935493849453,0.05798665498336062,0.07113991473683781,1.226832531679083,0.05798665442918521,0.05737469071762058,0.9894464731999331,-0.0043462692917167365,-0.07495292381498775,-0.018111493310933976,-0.3123389822941376
union_queries,1,2,1694,0.05798665442918521,0.07175920004687034,1.2375123337130014,0.05798665498336062,0.07544759732210368,1.3011200136264718,0.05798665442918521,0.057086826514325145,0.9844821550110474,0.014672373532545186,0.253030178701954,-0.003688397275233353,-0.06360767991347038
union_queries,1,3,1694,0.05798665442918521,0.05443722363275508,0.9387888328552428,0.05798665498336062,0.07427453477520587,1.2808901426805719,0.05798665442918521,0.05795254549528379,0.9994117795855411,-0.0035153218625287096,-0.06062294673029822,-0.019837311142450804,-0.34210130982532905
union_queries,1,4,1694,0.05798665442918521,0.05291993358340708,0.9126226388527772,0.05798665498336062,0.06751842608558808,1.164378702392173,0.05798665442918521,0.05843273911805474,1.0076928854278755,-0.005512805534647657,-0.09507024657509833,-0.014598492502180998,-0.25175606353939584
union_queries,1,5,1694,0.05798665442918521,0.06949537702195056,1.1984719192037558,0.05798665498336062,0.07973010118483372,1.3749732797608762,0.05798665442918521,0.057932254001762114,0.9990618457305632,0.011563123020188444,0.19941007347319262,-0.01023472416288315,-0.1765013605571204
union_queries,1,6,1694,0.05798665442918521,0.06425875265243625,1.1081645127657898,0.05798665498336062,0.07870792941472887,1.3573455726548507,0.05798665442918521,0.05813828761631089,1.0026149669888416,0.006120465036125363,0.1055495457769482,-0.01444917676229263,-0.24918105988906092
union_queries,1,7,1694,0.05798665442918521,0.041356397456233304,0.7132054412061106,0.05798665498336062,0.06283835540696046,1.0836692584697643,0.05798665442918521,0.05772124420864664,0.9954229085441945,-0.01636484675241333,-0.28221746733808384,-0.021481957950727153,-0.3704638172636536
union_queries,1,8,1694,0.05798665442918521,0.0619695544366009,1.0686864942739491,0.05798665498336062,0.0700633649702196,1.2082670571414131,0.05798665442918521,0.057484691063164256,0.9913434673725838,0.0044848633734366405,0.0773430269013653,-0.008093810533618701,-0.139580562867464
union_queries,1,9,1694,0.05798665442918521,0.05911106646166501,1.019390876117072,0.05798665498336062,0.07738354935837467,1.3345061787161205,0.05798665442918521,0.057603471939932496,0.9933918848565292,0.0015075945217325104,0.025998991260542836,-0.018272482896709668,-0.3151153025990485
union_queries,1,10,1694,0.05798665442918521,0.047339839981747914,0.8163919861864171,0.05798665498336062,0.0653122243732038,1.1263319877986628,0.05798665442918521,0.05786482349407574,0.9978989832003803,-0.010524983512327831,-0.18150699701396322,-0.017972384391455893,-0.3099400016122458
union_queries,1,11,1694,0.05798665442918521,0.06029584281665516,1.0398227559461979,0.05798665498336062,0.0717130993375249,1.2367172991458657,0.05798665442918521,0.057750696661621505,0.9959308263274292,0.002545146155033652,0.043891929618768644,-0.01141725652086974,-0.19689454319966782
union_queries,1,12,1694,0.05798665442918521,0.054727457551705654,0.9437940176138327,0.05798665498336062,0.07608965056846105,1.3121924448012239,0.05798665442918521,0.05732518638601832,0.9885927538038138,-0.0025977288343126685,-0.04479873618998109,-0.021362193016755397,-0.36839842718739113
union_queries,1,13,1694,0.05798665442918521,0.06262258769242794,1.0799482796322428,0.05798665498336062,0.0767818745995356,1.324130088579317,0.05798665442918521,0.05700865496992361,0.9831340595713113,0.005613932722504334,0.09681422006093154,-0.014159286907107658,-0.2441818089470742
union_queries,1,14,1694,0.05798665442918521,0.07349156392155459,1.2673875505493144,0.05798665498336062,0.08228047225523163,1.4189553144398857,0.05798665442918521,0.057308258658105675,0.9883008292553245,0.016183305263448914,0.2790867212939899,-0.008788908333677046,-0.15156776389057125
union_queries,1,15,1694,0.05798665442918521,0.045684567431632295,0.7878462360235571,0.05798665498336062,0.06758584433984025,1.1655413535965151,0.05798665442918521,0.05730257958279309,0.9882028916286673,-0.011618012151160798,-0.20035665560511018,-0.021901276908207954,-0.37769511757295804
union_queries,1,16,1694,0.05798665442918521,0.06537026782666357,1.1273329780819725,0.05798665498336062,0.07669293169710684,1.3225962373431268,0.05798665442918521,0.05834008434868759,1.006095021742184,0.007030183477975965,0.12123795633978851,-0.011322663870443278,-0.1952632592611543
union_queries,1,17,1694,0.05798665442918521,0.0709835431827705,1.2241358616310143,0.05798665498336062,0.0696947614727223,1.2019103618362075,0.05798665442918521,0.05795867392769108,0.9995174665314016,0.01302486925507943,0.22461839509961268,0.0012887817100482115,0.022225499794806813
union_queries,1,18,1694,0.05798665442918521,0.07029311675600347,1.2122292180495984,0.05798665498336062,0.07720167473961359,1.33136968776293,0.05798665442918521,0.057649819433266886,0.994191163480044,0.01264329732273658,0.21803805456955438,-0.006908557983610115,-0.11914046971333159
union_queries,1,19,1694,0.05798665442918521,0.05052411386472697,0.8713058955044272,0.05798665498336062,0.07163770217118606,1.2354170488320568,0.05798665442918521,0.05753955949612463,0.9922896925600945,-0.007015445631397657,-0.12098379705566731,-0.02111358830645909,-0.36411115332762967
union_queries,1,20,1694,0.05798665442918521,0.0640681269353227,1.1048771060514337,0.05798665498336062,0.08080197876009215,1.393458180736213,0.05798665442918521,0.05707498565931951,0.9842779553530019,0.006993141276003197,0.12059915069843186,-0.016733851824769445,-0.2885810746847792
union_queries,1,21,1694,0.05798665442918521,0.0625401032910437,1.0785258074755681,0.05798665498336062,0.07674181510594265,1.3234392487023756,0.05798665442918521,0.05776643340498948,0.9962022119337016,0.004773669886054227,0.08232359554186652,-0.01420171181489895,-0.24491344122680747
union_queries,1,22,1694,0.05798665442918521,0.04972356622060046,0.8575001732739066,0.05798665498336062,0.06283906577187981,1.0836815089594596,0.05798665442918521,0.05856163988006439,1.009915823848423,-0.008838073659463925,-0.15241565057451634,-0.013115499551279344,-0.226181335685553
union_queries,1,23,1694,0.05798665442918521,0.060178877682443774,1.0378056515734282,0.05798665498336062,0.07104037471616986,1.225115929459201,0.05798665442918521,0.058344955445039655,1.0061790254909777,0.0018339222374041217,0.03162662608245048,-0.010861497033726086,-0.1873102778857727
union_queries,1,24,1694,0.05798665442918521,0.07532425078760212,1.2989928722235569,0.05798665498336062,0.08331176511934543,1.43674031797923,0.05798665442918521,0.05755110878448982,0.992488864050136,0.017773142003112308,0.3065040081734208,-0.007987514331743314,-0.1377474457556731
union_queries,1,25,1694,0.05798665442918521,0.05798937583511526,1.000046931590671,0.05798665498336062,0.07634582770757439,1.3166103085180885,0.05798665442918521,0.0573582977777811,0.9891637712575491,0.0006310780573341613,0.010883160333121977,-0.01835645187245913,-0.31656337692741743
union_queries,1,26,1694,0.05798665442918521,0.06262513997809524,1.079992294685231,0.05798665498336062,0.07975399817879956,1.3753853917196142,0.05798665442918521,0.05722161352528873,0.9868066038396686,0.005403526452806511,0.09318569084556239,-0.017128858200704332,-0.2953930970343832
union_queries,1,27,1694,0.05798665442918521,0.07368247399223174,1.2706798610396584,0.05798665498336062,0.08214221361677086,1.4165709962118305,0.05798665442918521,0.05760386496465631,0.9933986627044268,0.016078609027575432,0.27728119833523157,-0.00845973962453912,-0.14589113517217212
union_queries,1,28,1694,0.05798665442918521,0.056852987544103104,0.9804495207346965,0.05798665498336062,0.07493000276114048,1.292193915697358,0.05798665442918521,0.05761295052986359,0.9935553464327211,-0.0007599629857604872,-0.013105825698024653,-0.01807701521703738,-0.3117443949626616
union_queries,1,29,1694,0.05798665442918521,0.07578096347899477,1.3068690412470756,0.05798665498336062,0.08549036323109371,1.474310998894924,0.05798665442918521,0.05751288609211954,0.9918297004417759,0.01826807738687522,0.3150393408052997,-0.009709399752098948,-0.1674419576478483
union_queries,1,30,1694,0.05798665442918521,0.0480456132762829,0.8285632918339415,0.05798665498336062,0.07041189781749685,1.2142776271144053,0.05798665442918521,0.057710174097291414,0.9952320006281542,-0.009664560821008514,-0.1666687087942127,-0.02236628454121395,-0.38571433528046384
union_queries,1,31,1694,0.05798665442918521,0.07504197974483688,1.2941250100310595,0.05798665498336062,0.08233249845442833,1.4198525243101847,0.05798665442918521,0.0577461329830861,0.9958521241056796,0.01729584676175078,0.2982728859253799,-0.007290518709591457,-0.1257275142791252
union_queries,1,32,1694,0.05798665442918521,0.07203885793263684,1.2423351311052537,0.05798665498336062,0.07982095527114103,1.3765400900266758,0.05798665442918521,0.05798678573357313,1.0000022643897843,0.014052072199063712,0.24233286671546939,-0.007782097338504183,-0.13420495892142204
union_queries,1,33,1694,0.05798665442918521,0.05320081215927987,0.9174664874699757,0.05798665498336062,0.07323822192627819,1.2630185677600134,0.05798665442918521,0.056826855683833395,0.979998867726225,-0.003626043524553531,-0.0625323802562493,-0.020037409766998315,-0.3455520802900377
union_queries,1,34,1694,0.05798665442918521,0.06568180177681843,1.1327054892782396,0.05798665498336062,0.07875012169199541,1.3580731931268135,0.05798665442918521,0.05739975937915946,0.9898787909769398,0.008282042397658968,0.1428266983012998,-0.013068319915176986,-0.22536770384857396
union_queries,1,35,1694,0.05798665442918521,0.05062219726610071,0.872997377834961,0.05798665498336062,0.0705953721383668,1.2174417054859306,0.05798665442918521,0.05787131871144071,0.9980109954802557,-0.007249121445339996,-0.12501361764529473,-0.01997317487226608,-0.34444432765096955
union_queries,1,36,1694,0.05798665442918521,0.08527199967974333,1.470545257683036,0.05798665498336062,0.08457317336109481,1.4584937411092818,0.05798665442918521,0.05812268047082241,1.002345816343023,0.027149319208920917,0.468199441340013,0.0006988263186485173,0.01205151657375425
union_queries,1,37,1694,0.05798665442918521,0.04270464082500307,0.7364563664757565,0.05798665498336062,0.06122615541097265,1.05586630973181,0.05798665442918521,0.058033432446446584,1.0008067031581982,-0.015328791621443513,-0.2643503366824417,-0.01852151458596958,-0.31940994325605343
union_queries,1,38,1694,0.05798665442918521,0.08201438707542533,1.4143665966379109,0.05798665498336062,0.07761678486675411,1.3385284060449147,0.05798665442918521,0.05739573555544388,0.9898093987391018,0.024618651519981438,0.4245571978988091,0.004397602208671209,0.07583819059299612
union_queries,1,39,1694,0.05798665442918521,0.060555008940460266,1.0442921657846567,0.05798665498336062,0.07009308815987642,1.2087796438678824,0.05798665442918521,0.058212444362139334,1.0038938258324572,0.002342564578320932,0.040398339952199436,-0.009538079219416153,-0.16448747808322572
union_queries,1,40,1694,0.05798665442918521,0.04712519780628233,0.8126904073045434,0.05798665498336062,0.0606328596260922,1.0456347179103693,0.05798665442918521,0.05798481172555453,0.9999682219357399,-0.010859613919272192,-0.18727781463119642,-0.013507661819809865,-0.23294431060582588
union_queries,1,41,1694,0.05798665442918521,0.06642440168149637,1.1455118826111197,0.05798665498336062,0.07757447478762765,1.337798754038973,0.05798665442918521,0.057330563945922265,0.9886854916925035,0.009093837735574107,0.15682639091861617,-0.011150073106131277,-0.1922868714278534
union_queries,1,42,1694,0.05798665442918521,0.051087873542533996,0.881028126996425,0.05798665498336062,0.0731014821858727,1.2606604434563315,0.05798665442918521,0.057062435758859796,0.984061527959781,-0.005974562216325803,-0.103033400963356,-0.0220136086433387,-0.3796323164599066
union_queries,1,43,1694,0.05798665442918521,0.07425064349892288,1.2804781415627224,0.05798665498336062,0.08036779245491434,1.385970487140119,0.05798665442918521,0.05799697269163278,1.000177942020438,0.016253670807290104,0.28030019954228447,-0.006117148955991445,-0.10549234557739662
union_queries,1,44,1694,0.05798665442918521,0.06343402234131498,1.0939417520419676,0.05798665498336062,0.0796135180885986,1.3729627637849406,0.05798665442918521,0.05774942554155235,0.9959089054202538,0.00568459679976264,0.09803284662171385,-0.016179495747283612,-0.279021011742973
union_queries,1,45,1694,0.05798665442918521,0.048101354482745336,0.8295245683036938,0.05798665498336062,0.06526399886734792,1.1255003222047477,0.05798665442918521,0.05773017874785832,0.9955769877767289,-0.009628824265112983,-0.16605241947303506,-0.017162644384602587,-0.2959757539010539
union_queries,1,46,1694,0.05798665442918521,0.07743733991135392,1.3354338282427103,0.05798665498336062,0.08157734560572412,1.4068296512211798,0.05798665442918521,0.057209416625772766,0.986596264070354,0.020227923285581144,0.34883756417235634,-0.004140005694370202,-0.07139582297846947
union_queries,1,47,1694,0.05798665442918521,0.05367285599921079,0.9256070474760267,0.05798665498336062,0.06923030962488023,1.1939007284477092,0.05798665442918521,0.058138751214834146,1.0026229619064275,-0.0044658952156233535,-0.07701591443040079,-0.015557453625669446,-0.2682936809716825
union_queries,1,48,1694,0.05798665442918521,0.0659106598535845,1.1366522263165968,0.05798665498336062,0.07074688049528084,1.2200545197094363,0.05798665442918521,0.05857582559199936,1.0101604613788102,0.007334834261585155,0.12649176493778658,-0.004836220641696327,-0.08340229339283955
union_queries,1,49,1694,0.05798665442918521,0.0751931984175476,1.296732828574814,0.05798665498336062,0.08489822320983148,1.4640993386183974,0.05798665442918521,0.05765379052235357,0.9942596462908868,0.017539407895194033,0.3024731822839273,-0.009705024792283879,-0.16736651004358327
union_queries,1,50,1694,0.05798665442918521,0.04298100730463634,0.7412224024258176,0.05798665498336062,0.06164846795368082,1.0631492361711665,0.05798665442918521,0.05766641084707332,0.9944772881749373,-0.014685403542436986,-0.2532548857491197,-0.01866746064904448,-0.3219268337453489
union_queries,1,51,1694,0.05798665442918521,0.048942946143879375,0.8440381088660627,0.05798665498336062,0.06700042435523329,1.1554455826855194,0.05798665442918521,0.058060678120135135,1.0012765642660126,-0.009117731976255757,-0.15723845539994996,-0.018057478211353915,-0.31140747381945677
union_queries,1,52,1694,0.05798665442918521,0.05502275306260853,0.94888649128402,0.05798665498336062,0.06797858653974927,1.1723143292065363,0.05798665442918521,0.05741623705505903,0.9901629542221169,-0.0023934839924504934,-0.041276462938096836,-0.01295583347714074,-0.2234278379225163
union_queries,1,53,1694,0.05798665442918521,0.05686015026135878,0.9805730442820746,0.05798665498336062,0.07643251502809446,1.3181052614610536,0.05798665442918521,0.057425946788917326,0.9903304019556322,-0.0005657965275585441,-0.009757357673557565,-0.019572364766735677,-0.33753221717897897
union_queries,1,54,1694,0.05798665442918521,0.0674348850564101,1.1629380194500325,0.05798665498336062,0.0777376924664521,1.340613499584673,0.05798665442918521,0.05744099174543705,0.9905898574573822,0.009993893310973044,0.17234816199265035,-0.010302807410042008,-0.17767548013464052
union_queries,1,55,1694,0.05798665442918521,0.06648832676578159,1.1466142928969776,0.05798665498336062,0.0705820864600865,1.2172125893507766,0.05798665442918521,0.05789946947673417,0.9984964652072227,0.008588857289047422,0.1481178276897549,-0.004093759694304911,-0.070598296453799
union_queries,1,56,1694,0.05798665442918521,0.06975792086251088,1.2029995789410657,0.05798665498336062,0.08107379772024144,1.3981457930881804,0.05798665442918521,0.057479008821135005,0.9912454751347975,0.012278912041375881,0.21175410380626813,-0.011315876857730545,-0.19514621414711475
union_queries,1,57,1694,0.05798665442918521,0.07954889935262088,1.3718484043560064,0.05798665498336062,0.07527936162886681,1.2982187306798152,0.05798665442918521,0.05680654237515248,0.9796485576612476,0.0227423569774684,0.3921998466947588,0.004269537723754063,0.07362967367619122
union_queries,1,58,1694,0.05798665442918521,0.08303812534989263,1.4320213188243327,0.05798665498336062,0.08191036523584773,1.412572690377675,0.05798665442918521,0.0576941340880242,0.9949553850960958,0.025343991261868436,0.4370659337282369,0.0011277601140449011,0.019448628446657734
union_queries,1,59,1694,0.05798665442918521,0.08417672536378769,1.4516568716097678,0.05798665498336062,0.07983247761602526,1.3767387968651292,0.05798665442918521,0.05784009452447418,0.9974725235288404,0.026336630839313497,0.45418434808092734,0.004344247747762426,0.07491807474463852
union_queries,1,60,1694,0.05798665442918521,0.05365068362552976,0.9252246771892894,0.05798665498336062,0.07099648613434334,1.2243590556260902,0.05798665442918521,0.058181027172588544,1.0033520254844277,-0.004530343547058781,-0.07812734829513834,-0.01734580250881357,-0.2991343784368008
union_queries,1,61,1694,0.05798665442918521,0.04956980271280304,0.8548484681650148,0.05798665498336062,0.07035753451103022,1.2133401130177182,0.05798665442918521,0.057791682789289124,0.9966376463375001,-0.008221880076486077,-0.14178917817248526,-0.02078773179822717,-0.35849164485270335
union_queries,1,62,1694,0.05798665442918521,0.06865688477595554,1.1840118291321857,0.05798665498336062,0.08303123181234988,1.4319024236899998,0.05798665442918521,0.05720996350014787,0.9866056951089348,0.011446921275807665,0.1974061340232509,-0.014374347036394347,-0.24789059455781404
union_queries,1,63,1694,0.05798665442918521,0.041369686670680535,0.7134346183258815,0.05798665498336062,0.06022394890979443,1.0385829106210005,0.05798665442918521,0.05823582108215008,1.0042969654900362,-0.01686613441146954,-0.2908623471641547,-0.01885426223911389,-0.325148292295119
union_queries,2,0,1694,0.05798665442918521,0.05862499068907892,1.0110083305577366,0.05798665498336062,0.07143260269407117,1.231880037132145,0.05798665442918521,0.05767903978350312,0.9946950785709191,0.0009459509055758029,0.016313251986817545,-0.01280761200499225,-0.22087170657440836
union_queries,2,1,1694,0.05798665442918521,0.06349247602532578,1.0949498061293468,0.05798665498336062,0.07447816438559518,1.2844018060184161,0.05798665442918521,0.05813440106096628,1.0025479419917476,0.005358074964359491,0.09240186413759921,-0.010985688360269405,-0.18945199988906936
union_queries,2,2,1694,0.05798665442918521,0.05065108616226116,0.8734955768851533,0.05798665498336062,0.07238998576347774,1.2483904405979305,0.05798665442918521,0.057993641921452115,1.0001205017315742,-0.00734255575919095,-0.12662492484642085,-0.021738899601216582,-0.37489486371277714
union_queries,2,3,1694,0.05798665442918521,0.06389433104179826,1.1018799354914959,0.05798665498336062,0.07313174698963638,1.2611823705061391,0.05798665442918521,0.05760249281752912,0.993374999550539,0.006291838224269142,0.10850493594095689,-0.009237415947838123,-0.15930243501464325
union_queries,2,4,1694,0.05798665442918521,0.05556382175530565,0.9582174088550258,0.05798665498336062,0.07100602822573998,1.2245236123055432,0.05798665442918521,0.057674928795911344,0.9946241831617558,-0.002111107040605691,-0.036406774306730005,-0.01544220647043433,-0.26630620345051736
union_queries,2,5,1694,0.05798665442918521,0.05427808758341999,0.9360444764011309,0.05798665498336062,0.06959610806234894,1.2002090495187154,0.05798665442918521,0.05781852876175956,0.9971006144589534,-0.003540441178339572,-0.06105613805782251,-0.015318020478928948,-0.26416457311758457
union_queries,2,6,1694,0.05798665442918521,0.06073453384665981,1.0473881351584162,0.05798665498336062,0.07175316539325849,1.237408252189201,0.05798665442918521,0.05745158922433009,0.9907726146624211,0.0032829446223297254,0.056615520495995164,-0.01101863154659868,-0.1900201170307847
union_queries,2,7,1694,0.05798665442918521,0.05833637885916473,1.0060311192880873,0.05798665498336062,0.0718621504102716,1.239287736650658,0.05798665442918521,0.057951122012160884,0.9993872311245734,0.00038525684700383767,0.006643888163513911,-0.01352577155110687,-0.23325661736257075
union_queries,2,8,1694,0.05798665442918521,0.060435852156831074,1.0422372656563053,0.05798665498336062,0.0753437800700155,1.2993296490655573,0.05798665442918521,0.05859365396931715,1.0104679179391738,0.0018421981875139256,0.03176934771713147,-0.01490792791318443,-0.257092383409252
union_queries,2,9,1694,0.05798665442918521,0.06648506989445287,1.1465581270194876,0.05798665498336062,0.07749530845437168,1.3364335031329035,0.05798665442918521,0.05793765615649882,0.9991550077656881,0.008547413737954047,0.14740311925379945,-0.011010238559918815,-0.18987537611341598
union_queries,2,10,1694,0.05798665442918521,0.06066640363533353,1.0462132059958884,0.05798665498336062,0.07002906365828081,1.2076755191065216,0.05798665442918521,0.057681716450763844,0.9947412386276956,0.0029846871845696865,0.05147196736819282,-0.009362660022947273,-0.1614623131106332
union_queries,2,11,1694,0.05798665442918521,0.0694146862136994,1.1970803781837491,0.05798665498336062,0.0761120134817245,1.3125781010055673,0.05798665442918521,0.05834256940320082,1.0061378773705638,0.011072116810498581,0.1909425008131853,-0.006697327268025107,-0.11549772282181814
union_queries,2,12,1694,0.05798665442918521,0.06555636454078917,1.1305422805664411,0.05798665498336062,0.07357318356298921,1.268795097494435,0.05798665442918521,0.05862717536292363,1.0110460060171371,0.006929189177865543,0.119496274549304,-0.008016819022200044,-0.13825281692799396
union_queries,2,13,1694,0.05798665442918521,0.058796898586127945,1.0139729419625723,0.05798665498336062,0.07100448578842415,1.2244970124384484,0.05798665442918521,0.057741371041698186,0.9957700027721625,0.001055527544429761,0.018202939190409717,-0.012207587202296206,-0.21052407047587618
union_queries,2,14,1694,0.05798665442918521,0.05847652173802309,1.0084479319191646,0.05798665498336062,0.074714093028162,1.2884704773814137,0.05798665442918521,0.05755876079465591,0.992620825623733,0.00091776094336718,0.015827106295431603,-0.016237571290138902,-0.28002254546224914
union_queries,2,15,1694,0.05798665442918521,0.06763705335020878,1.166424481909176,0.05798665498336062,0.07506064380988602,1.2944468659457042,0.05798665442918521,0.058268876405435016,1.0048670160233932,0.009368176944773763,0.1615574658857828,-0.007423590459677235,-0.12802238403652821
union_queries,2,16,1694,0.05798665442918521,0.05643667358962254,0.9732700419636117,0.05798665498336062,0.07056003064796804,1.216832229212314,0.05798665442918521,0.057959788092967326,0.9995366806986479,-0.0015231145033447915,-0.026266638735036207,-0.014123357058345498,-0.24356218724870227
union_queries,2,17,1694,0.05798665442918521,0.06738513701077475,1.1620800971207472,0.05798665498336062,0.07711037792872369,1.3297952425579758,0.05798665442918521,0.05881711318121328,1.0143215496773013,0.00856802382956148,0.14775854744344596,-0.009725240917948933,-0.16771514543722854
union_queries,2,18,1694,0.05798665442918521,0.05710362230450654,0.9847718042475264,0.05798665498336062,0.07091886028559459,1.2230203709102532,0.05798665442918521,0.05733665724536745,0.9887905727582275,-0.00023303494086091044,-0.004018768510701043,-0.013815237981088047,-0.23824856666272676
union_queries,2,19,1694,0.05798665442918521,0.05454423449221018,0.9406342723017587,0.05798665498336062,0.07294016094810143,1.2578784026950984,0.05798665442918521,0.05809247895740984,1.001824980752319,-0.003548244465199665,-0.061190708450560294,-0.01839592645589126,-0.31724413039333976
union_queries,2,20,1694,0.05798665442918521,0.06340331446990775,1.0934121841317386,0.05798665498336062,0.07101520399839002,1.2246818516910136,0.05798665442918521,0.057876030706669676,0.9980922554749105,0.00552728376323808,0.09531992865682803,-0.007611889528482273,-0.13126966755927505
union_queries,2,21,1694,0.05798665442918521,0.0723137155861331,1.247075146824421,0.05798665498336062,0.07707631904653844,1.3292078853083633,0.05798665442918521,0.05815430608310834,1.002891211013525,0.014159409503024753,0.24418393581089592,-0.004762603460405343,-0.08213273848394231
union_queries,2,22,1694,0.05798665442918521,0.06216695282823783,1.0720906981132652,0.05798665498336062,0.07261116433242136,1.2522047418196007,0.05798665442918521,0.057562579036884914,0.9926866725374166,0.004604373791352917,0.07940402557584858,-0.010444211504183525,-0.18011404370633555
union_queries,2,23,1694,0.05798665442918521,0.05950271306557244,1.0261449578581687,0.05798665498336062,0.07135672109045414,1.2305714325292618,0.05798665442918521,0.057367900335873176,0.9893293707077432,0.002134812729699271,0.036815587150425544,-0.011854008024881693,-0.2044264746710931
union_queries,2,24,1694,0.05798665442918521,0.06509950975178265,1.1226636610202068,0.05798665498336062,0.07487712777632045,1.2912820682242592,0.05798665442918521,0.057717834033045604,0.9953640988812712,0.007381675718737043,0.12729956213893556,-0.009777618024537808,-0.1686184072040524
union_queries,2,25,1694,0.05798665442918521,0.06292805998391497,1.0852162554189833,0.05798665498336062,0.07521295336370908,1.297073497088107,0.05798665442918521,0.05770172951951922,0.9950863709508548,0.0052263304643957505,0.09012988446812842,-0.012284893379794102,-0.21185724166912379
union_queries,2,26,1694,0.05798665442918521,0.06928737192396009,1.1948847990286386,0.05798665498336062,0.07479051585884275,1.289788415632942,0.05798665442918521,0.05785993350298092,0.9978146536051836,0.011427438420979163,0.19707014542345502,-0.0055031439348826585,-0.09490361660430335
union_queries,2,27,1694,0.05798665442918521,0.05093507466941122,0.8783930573476082,0.05798665498336062,0.07241921505089212,1.24889450980873,0.05798665442918521,0.05801702593370762,1.0005237671464475,-0.0070819512642964,-0.12213070979883933,-0.021484140381480894,-0.37050145246112187
union_queries,2,28,1694,0.05798665442918521,0.04636009317221298,0.7994959120952412,0.05798665498336062,0.06778296223075218,1.168940720070896,0.05798665442918521,0.05753291290090667,0.9921750697165559,-0.011172819728693686,-0.1926791576213147,-0.021422869058539202,-0.36944480797565493
union_queries,2,29,1694,0.05798665442918521,0.06656447395136957,1.1479274775657182,0.05798665498336062,0.07430407721571264,1.2813996123251863,0.05798665442918521,0.058096893483590345,1.0019011107898934,0.008467580467779212,0.1460263667758248,-0.007739603264343077,-0.13347213475946806
union_queries,2,30,1694,0.05798665442918521,0.06349188060342491,1.094939537871819,0.05798665498336062,0.07200831998196797,1.241808481669289,0.05798665442918521,0.05780152958920039,0.9968074578227151,0.005690351014224528,0.0981320800491039,-0.008516439378543052,-0.14686894379746995
union_queries,2,31,1694,0.05798665442918521,0.056600343158915024,0.9760925805443185,0.05798665498336062,0.06994926890769562,1.2062994309254034,0.05798665442918521,0.05735224554009533,0.989059398316131,-0.0007519023811803095,-0.012966817771812522,-0.013348925748780598,-0.2302068503810849
union_queries,2,32,1694,0.05798665442918521,0.05650268658696549,0.9744084590354842,0.05798665498336062,0.06939762269521689,1.1967861004420872,0.05798665442918521,0.057433614597481,0.9904626359780837,-0.000930928010515508,-0.016054176942599474,-0.01289493610825139,-0.222377641406603
union_queries,2,33,1694,0.05798665442918521,0.061523501010261994,1.0609941479792746,0.05798665498336062,0.07155893787020354,1.2340587311121411,0.05798665442918521,0.05746788561449704,0.9910536515721613,0.004055615395764956,0.0699404964071133,-0.010035436859941538,-0.17306458313286655
union_queries,2,34,1694,0.05798665442918521,0.054469104042582414,0.9393386215978624,0.05798665498336062,0.07279442164523542,1.2553650778118504,0.05798665442918521,0.057677317388716384,0.9946653752744679,-0.0032082133461339697,-0.055326753676605445,-0.018325317602653008,-0.31602645621398795
union_queries,2,35,1694,0.05798665442918521,0.0502194360056903,0.8660516199812763,0.05798665498336062,0.0691240554435757,1.1920683381962793,0.05798665442918521,0.057383635619032904,0.9896007311322172,-0.0071641996133426,-0.12354911115094092,-0.018904619437885396,-0.326016718215003
union_queries,2,36,1694,0.05798665442918521,0.0538778896174155,0.9291429234499563,0.05798665498336062,0.0705010485796889,1.2158150629643891,0.05798665442918521,0.05798525255010711,0.9999758241082901,-0.004107362932691608,-0.07083290065833381,-0.016623158962273402,-0.2866721395144328
union_queries,2,37,1694,0.05798665442918521,0.04806184391309688,0.8288431948042674,0.05798665498336062,0.06779966240368317,1.1692287203519225,0.05798665442918521,0.057951822771373014,0.9993993159606279,-0.009889978858276128,-0.17055612115636054,-0.019737818490586288,-0.3403855255476551
union_queries,2,38,1694,0.05798665442918521,0.0548159684216188,0.9453204183138634,0.05798665498336062,0.07051331172515819,1.2160265451661614,0.05798665442918521,0.05799601921083795,1.000161498912895,-0.003180050789219148,-0.0548410805990317,-0.015697343303539394,-0.270706126852298
union_queries,2,39,1694,0.05798665442918521,0.0688718090003187,1.187718272045281,0.05798665498336062,0.07745484532755409,1.335735702460849,0.05798665442918521,0.05810424883398002,1.0020279563625871,0.010767560166338681,0.1856903156826939,-0.008583036327235392,-0.14801743041556792
union_queries,2,40,1694,0.05798665442918521,0.07273175830401947,1.2542844387210053,0.05798665498336062,0.07727346950185342,1.3326078133671821,0.05798665442918521,0.05826673602164144,1.0048301043613108,0.014465022282378028,0.24945433435969444,-0.0045417111978339475,-0.07832337464617689
union_queries,2,41,1694,0.05798665442918521,0.0548378038258592,0.945696977445535,0.05798665498336062,0.06887218475764026,1.187724740759805,0.05798665442918521,0.05787047714769066,0.9979964824210298,-0.0030326733218314656,-0.05229950497549474,-0.014034380931781061,-0.24202776331427
union_queries,2,42,1694,0.05798665442918521,0.06349935688720543,1.0950684689828498,0.05798665498336062,0.07862367948083979,1.3558926532906752,0.05798665442918521,0.05753770233995095,0.9922576652567097,0.005961654547254479,0.10281080372614015,-0.015124322593634356,-0.2608241843078254
union_queries,2,43,1694,0.05798665442918521,0.06784806797256718,1.1700635023775166,0.05798665498336062,0.07339191183430245,1.265669003589919,0.05798665442918521,0.0577061559912587,0.9951627069937435,0.010141911981308474,0.174900795383773,-0.005543843861735275,-0.09560550121240241
union_queries,2,44,1694,0.05798665442918521,0.07073309787119153,1.219816845228976,0.05798665498336062,0.07475240072928184,1.2891311069888785,0.05798665442918521,0.05803941944097262,1.0009099509586616,0.012693678430218906,0.2189068942703143,-0.0040193028580903165,-0.06931426175990252
union_queries,2,45,1694,0.05798665442918521,0.05954642863911186,1.026898848110499,0.05798665498336062,0.07296576228656904,1.2583199066665718,0.05798665442918521,0.05770654518073678,0.9951694187014961,0.0018398834583750864,0.03172942940900292,-0.013419333647457177,-0.23142105855607276
union_queries,2,46,1694,0.05798665442918521,0.06752168255228079,1.1644348724194806,0.05798665498336062,0.07648775658824226,1.3190579213474303,0.05798665442918521,0.05776478519933705,0.9961737880546444,0.009756897352943735,0.16826108436483622,-0.008966074035961485,-0.15462304892794965
union_queries,2,47,1694,0.05798665442918521,0.060260683913861426,1.0392164284534353,0.05798665498336062,0.0718001460803864,1.2382184504519114,0.05798665442918521,0.0576577798288575,0.9943284432674188,0.0026029040850039215,0.044887985186016555,-0.011539462166524975,-0.19900202199847605
union_queries,2,48,1694,0.05798665442918521,0.04870865244194073,0.8399976325832867,0.05798665498336062,0.06944621911155854,1.1976241625161212,0.05798665442918521,0.05806124701198749,1.0012863750036378,-0.009352594570046755,-0.16128874242035107,-0.0207375666696178,-0.3576265299328345
union_queries,2,49,1694,0.05798665442918521,0.053490343207873874,0.9224595509850918,0.05798665498336062,0.06974035635185917,1.202696661358916,0.05798665442918521,0.05722490318093137,0.9868633350940411,-0.003734559973057496,-0.06440378410894931,-0.016250013143985303,-0.28023711037382426
union_queries,2,50,1694,0.05798665442918521,0.05221718214584213,0.900503446178484,0.05798665498336062,0.06940975257469321,1.1969952844255367,0.05798665442918521,0.05697538002604155,0.9825602216044615,-0.004758197880199415,-0.08205677542597756,-0.01719257042885108,-0.2964918382470527
union_queries,2,51,1694,0.05798665442918521,0.06964880703050103,1.2011178730022773,0.05798665498336062,0.0755934484452537,1.3036352668893452,0.05798665442918521,0.05798983406781306,1.000054833972733,0.011658972962687964,0.20106303902954425,-0.005944641414752676,-0.10251739388706782
union_queries,2,52,1694,0.05798665442918521,0.06885312798453898,1.1873961114384377,0.05798665498336062,0.07353082549051242,1.268064617826502,0.05798665442918521,0.05760382639228805,0.9933979975105363,0.011249301592250923,0.19399811392790145,-0.004677697505973447,-0.08066850638806433
union_queries,2,53,1694,0.05798665442918521,0.06618761168320035,1.141428356830456,0.05798665498336062,0.07639264676900231,1.3174177194894812,0.05798665442918521,0.05841017092238351,1.00730368905341,0.007777440760816846,0.134124667777046,-0.010205035085801954,-0.1759893626590252
union_queries,2,54,1694,0.05798665442918521,0.06188783964412694,1.0672772942902915,0.05798665498336062,0.07429848679967023,1.2813032036593646,0.05798665442918521,0.05784600265895884,0.9975744113604944,0.0040418369851680964,0.0697028829297971,-0.012410647155543285,-0.21402590936907306
union_queries,2,55,1694,0.05798665442918521,0.07213678154676555,1.2440238578492373,0.05798665498336062,0.07713229765998994,1.3301732559348902,0.05798665442918521,0.05826063872861468,1.0047249544248853,0.013876142818150864,0.239298903424352,-0.00499551611322439,-0.08614939808565292
union_queries,2,56,1694,0.05798665442918521,0.05801314674097926,1.0004568691202285,0.05798665498336062,0.06901153788375179,1.1901279338074386,0.05798665442918521,0.05725999048074274,0.9874684277684982,0.0007531562602365172,0.012988441351730273,-0.01099839114277253,-0.18967106468721018
union_queries,2,57,1694,0.05798665442918521,0.06336156131068538,1.0926921363960416,0.05798665498336062,0.07281907354926838,1.2557902084568242,0.05798665442918521,0.05810741332514649,1.0020825291120865,0.005254147985538879,0.09060960728395506,-0.009457512238583007,-0.16309807206078264
union_queries,2,58,1694,0.05798665442918521,0.06217376823584333,1.0722082321850717,0.05798665498336062,0.07357908431726476,1.2688968580508466,0.05798665442918521,0.057605390591984516,0.9934249726776995,0.004568377643858809,0.0787832595073722,-0.011405316081421434,-0.19668862586577496
union_queries,2,59,1694,0.05798665442918521,0.06517681013242976,1.1239967329383584,0.05798665498336062,0.07168243711081981,1.2361885183994354,0.05798665442918521,0.05768993319206846,0.9948829391859619,0.007486876940361302,0.1291137937523965,-0.006505626978390051,-0.112191785461077
union_queries,2,60,1694,0.05798665442918521,0.06767522994925872,1.1670828506222142,0.05798665498336062,0.07426818656386563,1.2807806655717082,0.05798665442918521,0.05771724343159123,0.9953539137540175,0.009957986517667489,0.17172893686819668,-0.006592956614606918,-0.11369781494949405
union_queries,2,61,1694,0.05798665442918521,0.05560873680634791,0.9589919845135872,0.05798665498336062,0.07195141102234616,1.2408270669000092,0.05798665442918521,0.05787973191232861,0.9981560840522854,-0.002270995105980701,-0.03916409953869815,-0.01634267421599825,-0.28183508238642196
union_queries,2,62,1694,0.05798665442918521,0.0580808402884668,1.0016242678631617,0.05798665498336062,0.07478441419398771,1.2896831903038248,0.05798665442918521,0.057435599389929134,0.9904968644133619,0.0006452408985376639,0.011127403449799789,-0.016703573905520908,-0.2880589224406631
union_queries,2,63,1694,0.05798665442918521,0.05189564433542587,0.8949584149367018,0.05798665498336062,0.06980353030854443,1.2037861181779614,0.05798665442918521,0.05747131054171987,0.9911127156319272,-0.005575666206293996,-0.09615430069522535,-0.017907885973118553,-0.30882770324125963
standard_queries,1,0,740,0.06409594535424902,0.04880521911624316,0.7614400387809832,0.06356206222160442,0.07033815569168812,1.1066059412367608,0.0640959456764363,0.06334157002133292,0.988230524612094,-0.014536350905089765,-0.22679048583111083,-0.02153293657544497,-0.3451659024557776
standard_queries,1,1,740,0.06409594535424902,0.05877215580360309,0.9169403068911439,0.06356206222160442,0.0737195690338676,1.159804550973343,0.0640959456764363,0.06292764153834936,0.9817725735105826,-0.0041554857347462625,-0.06483226661943864,-0.014947413230264509,-0.2428642440821991
standard_queries,1,2,740,0.06409594535424902,0.07516361241405074,1.172673435092225,0.06356206222160442,0.07468386993214891,1.1749755643825577,0.0640959456764363,0.06316331282660768,0.9854494252329679,0.012000299587443069,0.18722400985925713,0.000479742481901839,-0.0023021292903326884
standard_queries,1,3,740,0.06409594535424902,0.05962600003223161,0.9302616523196175,0.06356206222160442,0.07730094508544819,1.2161491050423154,0.0640959456764363,0.06399852377740113,0.9984800614452751,-0.004372523745169511,-0.06821840912565758,-0.017674945053216574,-0.2858874527226979
standard_queries,1,4,740,0.06409594535424902,0.05703097356332315,0.8897750590637395,0.06356206222160442,0.07220377414613156,1.1359570728589399,0.0640959456764363,0.0643609872138178,1.0041350749190825,-0.007330013650494653,-0.11436001585534294,-0.015172800582808418,-0.24618201379520033
standard_queries,1,5,740,0.06409594535424902,0.07354283449617592,1.1473866886542559,0.06356206222160442,0.08221330094981838,1.2934335054011903,0.0640959456764363,0.0641249436985802,1.0004524158562274,0.00941789079759572,0.1469342727980285,-0.008670466453642459,-0.14604681674693443
standard_queries,1,6,740,0.06409594535424902,0.06737660614622606,1.051183593187452,0.06356206222160442,0.08037079919028926,1.2644460607662857,0.0640959456764363,0.06387042058883487,0.9964814453516311,0.0035061855573911924,0.05470214783582095,-0.012994193044063207,-0.21326246757883371
standard_queries,1,7,740,0.06409594535424902,0.0473487657066938,0.7387170193840502,0.06356206222160442,0.06736278235912323,1.0597954189130598,0.0640959456764363,0.06305976713428627,0.983833945638609,-0.015711001427592457,-0.24511692625455883,-0.020014016652429426,-0.32107839952900963
standard_queries,1,8,740,0.06409594535424902,0.06660344767812136,1.0391210756002385,0.06356206222160442,0.07223403695467356,1.1364331871869566,0.0640959456764363,0.06327949132065515,0.9872619968835049,0.003323956357466208,0.051859078716733564,-0.0056305892765522005,-0.09731211158671815
standard_queries,1,9,740,0.06409594535424902,0.06430193951001038,1.0032138406668762,0.06356206222160442,0.07866025615382839,1.2375346772039149,0.0640959456764363,0.06378118478365846,0.9950892230474798,0.0005207547263519184,0.008124617619396424,-0.014358316643818005,-0.2343208365370386
standard_queries,1,10,740,0.06409594535424902,0.05325134360306972,0.8308067430592877,0.06356206222160442,0.07086951821236998,1.114965684487842,0.0640959456764363,0.06402784626226167,0.9989375394425352,-0.010776502659191957,-0.16813079638324746,-0.017618174609300253,-0.28415894142855425
standard_queries,1,11,740,0.06409594535424902,0.0650560368557234,1.0149789740391235,0.06356206222160442,0.07435830485176395,1.1698535612724337,0.0640959456764363,0.0643202426868516,1.0034993946660462,0.0007357941688718023,0.011479579373077309,-0.00930226799604055,-0.15487458723331016
standard_queries,1,12,740,0.06409594535424902,0.061101068777812496,0.9532751009461787,0.06356206222160442,0.07975717074162252,1.2547920560468135,0.0640959456764363,0.06299147911973901,0.9827685426115288,-0.0018904103419265233,-0.029493441665350062,-0.01865610196381002,-0.3015169551006348
standard_queries,1,13,740,0.06409594535424902,0.06695910613681819,1.04466992048787,0.06356206222160442,0.07677575712268417,1.2078865039811197,0.0640959456764363,0.06279859224686751,0.9797591966874477,0.004160513889950675,0.06491072380042229,-0.009816650985865979,-0.16321658349324975
standard_queries,1,14,740,0.06409594535424902,0.0776439242669054,1.211370295543324,0.06356206222160442,0.08223811524945336,1.2938239002179674,0.0640959456764363,0.06288322405637921,0.9810795892429914,0.014760700210526183,0.23029070630033266,-0.004594190982547966,-0.08245360467464335
standard_queries,1,15,740,0.06409594535424902,0.0528053025740224,0.8238477844764613,0.06356206222160442,0.07261010356046058,1.1423497133763665,0.0640959456764363,0.06335364322404603,0.9884188860222535,-0.01054834065002364,-0.16457110154579213,-0.019804800986438185,-0.31850192889990514
standard_queries,1,16,740,0.06409594535424902,0.06793756046005198,1.0599353841272001,0.06356206222160442,0.07959820265705521,1.252291066006354,0.0640959456764363,0.0643220832218995,1.003528109977576,0.0036154772381524784,0.05640727414962421,-0.011660642197003235,-0.19235568187915386
standard_queries,1,17,740,0.06409594535424902,0.07483760356097607,1.1675871718149948,0.06356206222160442,0.07307993777700372,1.1497414530418464,0.0640959456764363,0.06393305542501243,0.9974586496898548,0.010904548135963647,0.17012852212514007,0.0017576657839723535,0.017845718773148445
standard_queries,1,18,740,0.06409594535424902,0.07257724186858615,1.1323218881859411,0.06356206222160442,0.07990258017907272,1.2570797325690644,0.0640959456764363,0.06356340666880479,0.9916915336530048,0.009013835199781366,0.14063035453293637,-0.007325338310486562,-0.1247578443831232
standard_queries,1,19,740,0.06409594535424902,0.05620665405247662,0.8769143467941782,0.06356206222160442,0.07519624168808396,1.1830365324825023,0.0640959456764363,0.0629451045917498,0.9820450252735787,-0.006738450539273185,-0.1051306784794005,-0.018989587635607333,-0.30612218568832406
standard_queries,1,20,740,0.06409594535424902,0.07033625164547481,1.0973588306832285,0.06356206222160442,0.08304383625855317,1.3065000309308246,0.0640959456764363,0.06311904814194988,0.9847588248495794,0.007217203503524935,0.11260000583364904,-0.01270758461307835,-0.20914120024759608
standard_queries,1,21,740,0.06409594535424902,0.06740870644917359,1.0516844096239695,0.06356206222160442,0.08164130183490546,1.284434440630153,0.0640959456764363,0.06365674188410914,0.9931477133585904,0.003751964565064456,0.05853669626537905,-0.014232595385731878,-0.23275003100618363
standard_queries,1,22,740,0.06409594535424902,0.05635895414932354,0.8792904736459654,0.06356206222160442,0.06833464479124224,1.0750853953258872,0.0640959456764363,0.06510441138132199,1.0157336894594946,-0.008745457231998443,-0.13644321581352925,-0.011975690641918698,-0.19579492167992185
standard_queries,1,23,740,0.06409594535424902,0.06437032263021211,1.004280727500728,0.06356206222160442,0.07662830538040882,1.2055666965815224,0.0640959456764363,0.06405075969728263,0.9992950259384304,0.0003195629329294772,0.004985701562297495,-0.012257982750196714,-0.20128596908079444
standard_queries,1,24,740,0.06409594535424902,0.07902359213377978,1.232895336780319,0.06356206222160442,0.08314712087850312,1.308124972229769,0.0640959456764363,0.06337610495251578,0.9887693251683288,0.015647487181264002,0.2441260116119902,-0.004123528744723346,-0.07522963544944994
standard_queries,1,25,740,0.06409594535424902,0.06372301707396637,0.994181718075589,0.06356206222160442,0.08091790394203083,1.273053471108545,0.0640959456764363,0.06344290349531818,0.9898114900369089,0.00028011357864818055,0.004370228038680035,-0.017194886868064467,-0.2788717530329561
standard_queries,1,26,740,0.06409594535424902,0.06835327859263163,1.0664212566778277,0.06356206222160442,0.08253235961939838,1.2984531453944244,0.0640959456764363,0.0632659581263323,0.9870508572524406,0.0050873204662993145,0.07937039942538715,-0.014179081026766752,-0.23203188871659663
standard_queries,1,27,740,0.06409594535424902,0.07736918036196683,1.2070838480399744,0.06356206222160442,0.08252624700198302,1.298356977693099,0.0640959456764363,0.0627721504182429,0.9793466615677054,0.014597029943723937,0.22773718647226893,-0.005157066640016195,-0.09127312965312462
standard_queries,1,28,740,0.06409594535424902,0.06117895110636144,0.9544901907325685,0.06356206222160442,0.0777540534734726,1.223277703017074,0.0640959456764363,0.06219930981059332,0.9704094253415433,-0.0010203587042318808,-0.01591923460897482,-0.016575102367111155,-0.2687875122845056
standard_queries,1,29,740,0.06409594535424902,0.0797857903548189,1.2447868568573937,0.06356206222160442,0.08595750219113119,1.352339732015722,0.0640959456764363,0.06333811714037045,0.9881766541070873,0.016447673214448465,0.2566102027503063,-0.006171711836312268,-0.10755287515832834
standard_queries,1,30,740,0.06409594535424902,0.05501984436367009,0.8583982038112297,0.06356206222160442,0.07419546995614026,1.1672917360274317,0.0640959456764363,0.06328160422476563,0.9872949615911503,-0.008261759861095532,-0.1288967577799206,-0.01917562559247017,-0.3088935322162021
standard_queries,1,31,740,0.06409594535424902,0.07922244555241353,1.2359977704449558,0.06356206222160442,0.08368232524072802,1.3165451578486518,0.0640959456764363,0.06383774941031997,0.9959717223391987,0.015384696142093555,0.24002604810575712,-0.0044598796883144895,-0.08054738740369594
standard_queries,1,32,740,0.06409594535424902,0.0747502242391174,1.1662239136342198,0.06356206222160442,0.08289559241887685,1.3041677617360417,0.0640959456764363,0.06405275830545941,0.9993262074453991,0.01069746593365798,0.16689770618882072,-0.008145368179759464,-0.1379438481018218
standard_queries,1,33,740,0.06409594535424902,0.05949134730003976,0.9281608527846757,0.06356206222160442,0.07757883200774322,1.2205210041371906,0.0640959456764363,0.06346401660828976,0.9901408886088275,-0.003972669308250015,-0.06198003582415179,-0.018087484707703463,-0.2923601513525148
standard_queries,1,34,740,0.06409594535424902,0.07144974357373006,1.1147310984936356,0.06356206222160442,0.0807247006409877,1.270013870216278,0.0640959456764363,0.06319181625102017,0.9858941245678741,0.008257927322709883,0.12883697392576154,-0.00927495706725765,-0.15528277172264238
standard_queries,1,35,740,0.06409594535424902,0.05714525515968735,0.8915580360638069,0.06356206222160442,0.07434027299687669,1.1695698723193535,0.0640959456764363,0.06367506960759292,0.99343365536772,-0.006529814447905566,-0.10187561930391309,-0.01719501783718934,-0.2780118362555466
standard_queries,1,36,740,0.06409594535424902,0.0877061255074836,1.3683568441458276,0.06356206222160442,0.0854406004821932,1.3442074957277326,0.0640959456764363,0.06362299049222792,0.992621137277607,0.024083135015255695,0.37573570686822055,0.0022655250252904117,0.024149348418095018
standard_queries,1,37,740,0.06409594535424902,0.04988556403566051,0.7782951598568397,0.06356206222160442,0.06618606266943185,1.0412824939297758,0.0640959456764363,0.06377616891184369,0.9950109673674701,-0.013890604876183175,-0.21671580751063035,-0.01630049863377133,-0.26298733407293606
standard_queries,1,38,740,0.06409594535424902,0.08423589681451385,1.3142156863270247,0.06356206222160442,0.0780790216213948,1.228390314794666,0.0640959456764363,0.0631110602939451,0.9846342015536677,0.021124836520568745,0.329581484773357,0.006156875193119049,0.0858253715323587
standard_queries,1,39,740,0.06409594535424902,0.06442658828722464,1.0051585623887471,0.06356206222160442,0.07451504710558299,1.172319533085503,0.0640959456764363,0.06418061320846145,1.0013209498842963,0.0002459750787631885,0.0038376125044508047,-0.010088458818358344,-0.16716097069675584
standard_queries,1,40,740,0.06409594535424902,0.055005870014429095,0.858180181451722,0.06356206222160442,0.06507512774016407,1.0238045378906122,0.0640959456764363,0.06431906831425589,1.0034810725618426,-0.009313198299826802,-0.14530089111012057,-0.010069257725734969,-0.16562435643889017
standard_queries,1,41,740,0.06409594535424902,0.07006355079041945,1.0931042580492156,0.06356206222160442,0.07751610625434566,1.2195341614954451,0.0640959456764363,0.06259546171169023,0.9765900331306339,0.007468089078729217,0.11651422491858177,-0.007452555463926212,-0.1264299034462295
standard_queries,1,42,740,0.06409594535424902,0.05754304604755866,0.8977642147178976,0.06356206222160442,0.07684801478643676,1.2090233088805684,0.0640959456764363,0.063193084460658,0.9859139106810898,-0.005650038413099341,-0.08814969596319222,-0.019304968738878096,-0.31125909416267084
standard_queries,1,43,740,0.06409594535424902,0.0762860992067569,1.1901860372779378,0.06356206222160442,0.08376004792548515,1.3177679420384747,0.0640959456764363,0.06406136650491405,0.9994605092232073,0.01222473270184285,0.19072552805473053,-0.0074739487187282455,-0.12758190476053688
standard_queries,1,44,740,0.06409594535424902,0.06750004029757267,1.053109364789141,0.06356206222160442,0.08204759697656373,1.2908265419474727,0.0640959456764363,0.06354623573857385,0.9914236394820127,0.00395380455899883,0.061685725307128236,-0.01454755667899106,-0.23771717715833174
standard_queries,1,45,740,0.06409594535424902,0.05327162130458935,0.8311231078684431,0.06356206222160442,0.06942569847042496,1.0922505665152493,0.0640959456764363,0.0638829147493517,0.9966763743816186,-0.010611293444762358,-0.16555326651317548,-0.016154077165835612,-0.2611274586468062
standard_queries,1,46,740,0.06409594535424902,0.08032033801884264,1.2531266615216259,0.06356206222160442,0.08060859659233609,1.2681872452674707,0.0640959456764363,0.06317570946506552,0.9856428327617438,0.017144628553777127,0.2674838287598821,-0.00028825857349344203,-0.015060583745844847
standard_queries,1,47,740,0.06409594535424902,0.05942326323003382,0.9270986316156199,0.06356206222160442,0.07373195032815676,1.1599993416056227,0.0640959456764363,0.06477675804415264,1.010621769606976,-0.005353494814118824,-0.08352313799135602,-0.014308687098122932,-0.23290070999000279
standard_queries,1,48,740,0.06409594535424902,0.06942145790199976,1.0830865746392755,0.06356206222160442,0.07576673111400088,1.192011845837314,0.0640959456764363,0.06472178161949725,1.0097640488248703,0.004699676282502509,0.07332252581440524,-0.00634527321200113,-0.10892527119803841
standard_queries,1,49,740,0.06409594535424902,0.07875031244915885,1.228631733472644,0.06356206222160442,0.0851375578223048,1.3394398300904558,0.0640959456764363,0.06352269146088008,0.9910563108242435,0.015227620988278776,0.23757542264840048,-0.006387245373145954,-0.11080809661781177
standard_queries,1,50,740,0.06409594535424902,0.05113018277931858,0.7977132172203631,0.06356206222160442,0.06706230503481787,1.0550681128156307,0.0640959456764363,0.0633252567334755,0.9879760110436421,-0.012195073954156928,-0.19026279382327893,-0.0159321222554993,-0.2573548955952676
standard_queries,1,51,740,0.06409594535424902,0.056578422921734886,0.8827145400389076,0.06356206222160442,0.0717025739921106,1.128071863718406,0.0640959456764363,0.06399771748362361,0.9984674819635464,-0.00741929456188872,-0.11575294192463881,-0.0151241510703757,-0.24535732367949836
standard_queries,1,52,740,0.06409594535424902,0.0622794046998024,0.9716590395163552,0.06356206222160442,0.0699402667380668,1.100346091576218,0.0640959456764363,0.06358125713225958,0.991970029636899,-0.0013018524324571764,-0.020310990120543715,-0.007660862038264404,-0.12868705205986275
standard_queries,1,53,740,0.06409594535424902,0.06183891054746267,0.9647866211456583,0.06356206222160442,0.07801980907852585,1.2274587442823293,0.0640959456764363,0.06234564777161624,0.9726925332585659,-0.0005067372241535702,-0.007905912112907587,-0.016180898531063182,-0.262672123136671
standard_queries,1,54,740,0.06409594535424902,0.0716370850801468,1.117653927783091,0.06356206222160442,0.0779230890241829,1.2259370810297159,0.0640959456764363,0.06419954152928817,1.0016162621794338,0.0074375435508586265,0.11603766560365725,-0.006286003944036123,-0.10828315324662485
standard_queries,1,55,740,0.06409594535424902,0.0704375450876919,1.0989391715559194,0.06356206222160442,0.07408082565745792,1.1654880768213687,0.0640959456764363,0.06392053919466766,0.9972633763350008,0.006517005893024238,0.10167579522091852,-0.0036432805697660187,-0.06654890526544932
standard_queries,1,56,740,0.06409594535424902,0.07497900180719994,1.1697932122352177,0.06356206222160442,0.08332909490611103,1.3109879068364758,0.0640959456764363,0.06349525773847425,0.9906283005637457,0.011483744068725689,0.17916491167147197,-0.008350093098911078,-0.1411946946012581
standard_queries,1,57,740,0.06409594535424902,0.08277092507562121,1.2913597672701178,0.06356206222160442,0.07576549270668545,1.191992362402193,0.0640959456764363,0.06306245290749782,0.9838758480270239,0.0197084721681234,0.30748391924309393,0.007005432368935765,0.09936740486792472
standard_queries,1,58,740,0.06409594535424902,0.08524521416103517,1.3299626628470365,0.06356206222160442,0.08213354727706394,1.2921787683777692,0.0640959456764363,0.06393921560532338,0.9975547584256872,0.0213059985557118,0.33240790442134927,0.00311166688397124,0.03778389446926722
standard_queries,1,59,740,0.06409594535424902,0.08728186323030575,1.3617376691756633,0.06356206222160442,0.08210839315040691,1.2917830271796733,0.0640959456764363,0.06392279269324766,0.9972985345428441,0.02335907053705808,0.3644391346328192,0.005173470079898834,0.06995464199599
standard_queries,1,60,740,0.06409594535424902,0.05826168748978022,0.9089761788795889,0.06356206222160442,0.07487995882292052,1.1780605632626753,0.0640959456764363,0.06460726063799213,1.0079773370399592,-0.006345573148211918,-0.09900115816037025,-0.016618271333140297,-0.26908438438308635
standard_queries,1,61,740,0.06409594535424902,0.056155845804794415,0.8761216562830796,0.06356206222160442,0.07561698072665446,1.189655874647702,0.0640959456764363,0.06395782651127996,0.9978451185375502,-0.007801980706485542,-0.12172346225447062,-0.01946113492186005,-0.31353421836462236
standard_queries,1,62,740,0.06409594535424902,0.0741189051318813,1.156374318566281,0.06356206222160442,0.0843057543039322,1.3263533522560427,0.0640959456764363,0.06275874513226587,0.979137517512874,0.011360159999615437,0.1772368010534069,-0.010186849172050889,-0.16997903368976175
standard_queries,1,63,740,0.06409594535424902,0.04901799644167359,0.7647597078217383,0.06356206222160442,0.06615491376535312,1.0407924389663274,0.0640959456764363,0.06426816608857464,1.0026869158465612,-0.015250169646901053,-0.23792720802482292,-0.017136917323679536,-0.27603273114458915
standard_queries,2,0,740,0.06409594535424902,0.05897361843569859,0.9200834484889788,0.06356206222160442,0.07501478203245111,1.1801816903126527,0.0640959456764363,0.0634068255891671,0.989248616585705,-0.004433207153468519,-0.06916516809672613,-0.016041163596752527,-0.2600982418236739
standard_queries,2,1,740,0.06409594535424902,0.07241105554071632,1.1297291137607985,0.06356206222160442,0.07708053874808389,1.212681528162952,0.0640959456764363,0.06482574426241823,1.0113860335202174,0.007585311278298095,0.11834308024058116,-0.004669483207367562,-0.0829524144021534
standard_queries,2,2,740,0.06409594535424902,0.05515132478966906,0.8604495102592786,0.06356206222160442,0.07506673336029053,1.1809990226335942,0.0640959456764363,0.0632302132007238,0.9864931788340746,-0.00807888841105474,-0.126043668574796,-0.019915408570621466,-0.3205495123743156
standard_queries,2,3,740,0.06409594535424902,0.06506236588230004,1.0150777170491792,0.06356206222160442,0.07669576189002475,1.2066279665790367,0.0640959456764363,0.06327124431326582,0.9871333302837334,0.0017911215690342155,0.02794438676544575,-0.01163339600772471,-0.19155024952985755
standard_queries,2,4,740,0.06409594535424902,0.058790622289116315,0.9172284138129027,0.06356206222160442,0.07298289239406586,1.148214671506667,0.0640959456764363,0.06407140020180394,0.9996170510572342,-0.005280777912687611,-0.08238863724433154,-0.014192270104949539,-0.23098625769376435
standard_queries,2,5,740,0.06409594535424902,0.061092879633243016,0.9531473370989616,0.06356206222160442,0.07203435201097179,1.133291612846502,0.0640959456764363,0.06372211315744632,0.9941676105244297,-0.0026292335242033005,-0.0410202734254681,-0.01094147237772877,-0.18014427574754044
standard_queries,2,6,740,0.06409594535424902,0.06378190962446703,0.9951005367336987,0.06356206222160442,0.07263236065974106,1.1426998766420402,0.0640959456764363,0.0640178224122202,0.9987811512352051,-0.0002359127877531825,-0.003680614501506363,-0.008850451035274041,-0.1475993399083415
standard_queries,2,7,740,0.06409594535424902,0.06622785688252063,1.0332612541478066,0.06356206222160442,0.07508067460478964,1.181218355424442,0.0640959456764363,0.06480698899642841,1.0110934211592968,0.0014208678860922117,0.022167832988509772,-0.008852817722269007,-0.14795710127663542
standard_queries,2,8,740,0.06409594535424902,0.06664093622081989,1.0397059572568135,0.06356206222160442,0.07954869536129204,1.25151218479903,0.0640959456764363,0.06486900595797075,1.0120609856579221,0.0017719302628491375,0.027644971598891344,-0.012907759140472154,-0.21180622754221656
standard_queries,2,9,740,0.06409594535424902,0.06990719739649746,1.0906648932335812,0.06356206222160442,0.08159238406129786,1.2836648341715542,0.0640959456764363,0.06362013476523193,0.992576583336389,0.006287062631265537,0.0980883098971922,-0.011685186664800387,-0.192999940937973
standard_queries,2,10,740,0.06409594535424902,0.06688581274167911,1.0435264254550096,0.06356206222160442,0.0713969685741373,1.1232638790921707,0.0640959456764363,0.06455110232975032,1.007101176970096,0.0023347104119287956,0.036425248484913686,-0.004511155832458187,-0.07973745363716112
standard_queries,2,11,740,0.06409594535424902,0.07634599390062126,1.1911204909868789,0.06356206222160442,0.08144810276257025,1.281394906266689,0.0640959456764363,0.06400458577114182,0.9985746383124501,0.012341408129479434,0.1925458526744288,-0.005102108861948992,-0.09027441527981006
standard_queries,2,12,740,0.06409594535424902,0.07091200887351423,1.1063415709307944,0.06356206222160442,0.07596340235826131,1.1951060066839956,0.0640959456764363,0.06434152295460573,1.0038314011218297,0.006570485918908506,0.10251016980896477,-0.0050513934847470875,-0.08876443575320114
standard_queries,2,13,740,0.06409594535424902,0.06425506424259494,1.0024825109835964,0.06356206222160442,0.07496721663990537,1.1794333603988132,0.0640959456764363,0.06336393277790095,0.9885794196370762,0.0008911314646939973,0.013903091346520235,-0.010712152397310411,-0.17695084941521677
standard_queries,2,14,740,0.06409594535424902,0.06240268071761002,0.9735823439800978,0.06356206222160442,0.0787833930672826,1.2394719477887632,0.0640959456764363,0.06311823997545887,0.9847462161505035,-0.0007155592578488427,-0.011163872170405709,-0.016380712349672574,-0.26588960380866544
standard_queries,2,15,740,0.06409594535424902,0.07794265843726493,1.2160310298332777,0.06356206222160442,0.07790423667914159,1.2256404835880597,0.0640959456764363,0.06506198008318205,1.0150716928590524,0.01288067835408288,0.2009593369742253,3.8421758123346277e-05,-0.00960945375478195
standard_queries,2,16,740,0.06409594535424902,0.05925541228136501,0.9244798864244674,0.06356206222160442,0.07068733182307836,1.1120994088680165,0.0640959456764363,0.0640314197419463,0.9989932914818711,-0.00477600746058129,-0.07451340505740367,-0.011431919541713353,-0.18761952244354907
standard_queries,2,17,740,0.06409594535424902,0.07095074955676053,1.106945987996994,0.06356206222160442,0.08087445094778731,1.2723698401386747,0.0640959456764363,0.06423812629403294,1.0022182466628138,0.006712623262727583,0.10472774133418028,-0.00992370139102678,-0.16542385214168065
standard_queries,2,18,740,0.06409594535424902,0.0628450740028072,0.9804843918826934,0.06356206222160442,0.07294976103144724,1.1476934272068342,0.0640959456764363,0.06353999507185575,0.9913262750285791,-0.0006949210690485464,-0.010841883145885634,-0.010104687028640025,-0.16720903532414078
standard_queries,2,19,740,0.06409594535424902,0.05750206437062573,0.897124834540159,0.06356206222160442,0.07590864196016982,1.1942444802297314,0.0640959456764363,0.06350957751274108,0.9908517121089802,-0.006007513142115361,-0.09372687756882114,-0.01840657758954409,-0.2971196456895724
standard_queries,2,20,740,0.06409594535424902,0.07290299500565271,1.1374041618815105,0.06356206222160442,0.07357692283553047,1.1575603475389136,0.0640959456764363,0.06475746230901898,1.0103207250568094,0.008145532696633725,0.12708343682470113,-0.0006739278298777503,-0.02015618565740307
standard_queries,2,21,740,0.06409594535424902,0.08012823828974286,1.2501295962932704,0.06356206222160442,0.08118153754118326,1.277201127586922,0.0640959456764363,0.06345071873149356,0.9899334203102345,0.016677519558249292,0.2601961759830359,-0.001053299251440409,-0.027071531293651585
standard_queries,2,22,740,0.06409594535424902,0.0633263783479059,0.9879935150017707,0.06356206222160442,0.07497270505976032,1.1795197078152302,0.0640959456764363,0.0635486951953656,0.9914620109697221,-0.00022231684745968998,-0.0034684959679514016,-0.01164632671185442,-0.1915261928134595
standard_queries,2,23,740,0.06409594535424902,0.06561370993385444,1.0236795724162728,0.06356206222160442,0.07335736050799087,1.1541060491749915,0.0640959456764363,0.06384512465950605,0.9960867881067483,0.0017685852743483878,0.0275927843095245,-0.0077436505741364245,-0.13042647675871866
standard_queries,2,24,740,0.06409594535424902,0.06738286823839755,1.0512812919129622,0.06356206222160442,0.07896193008165102,1.2422808090517279,0.0640959456764363,0.06287469451089163,0.9809465145937672,0.004508173727505916,0.07033477731919491,-0.01157906184325347,-0.19099951713876573
standard_queries,2,25,740,0.06409594535424902,0.06316380760556943,0.9854571495353129,0.06356206222160442,0.078912298421602,1.2414999712639925,0.0640959456764363,0.06316099718615815,0.9854132975118602,2.810419411272616e-06,4.385202345269512e-05,-0.015748490816032565,-0.25604282172867954
standard_queries,2,26,740,0.06409594535424902,0.07343485758111283,1.1457020748387279,0.06356206222160442,0.07760236223001737,1.2208911970077763,0.0640959456764363,0.06381388769761936,0.9955994411839901,0.009620969883493475,0.15010263365473775,-0.004167504648904543,-0.07518912216904838
standard_queries,2,27,740,0.06409594535424902,0.054046333641619294,0.8432098683140254,0.06356206222160442,0.07453229080986332,1.172590822336947,0.0640959456764363,0.06368802469727156,0.9936357756351084,-0.009641691055652258,-0.15042590732108296,-0.020485957168244025,-0.32938095402292156
standard_queries,2,28,740,0.06409594535424902,0.050553228988035305,0.7887118086586431,0.06356206222160442,0.0699405149028108,1.1003499958665337,0.0640959456764363,0.06348083494482813,0.9904032817502482,-0.01292760595679283,-0.20169147309160507,-0.01938728591477549,-0.3116381872078906
standard_queries,2,29,740,0.06409594535424902,0.07250516243480347,1.1311973329058167,0.06356206222160442,0.07552332104863348,1.1881823592401235,0.0640959456764363,0.06407245741905393,0.9996335453493277,0.008432705015749544,0.131563787556489,-0.0030181586138299994,-0.0569850263343068
standard_queries,2,30,740,0.06409594535424902,0.07226869014872087,1.1275079843085591,0.06356206222160442,0.0743180247577461,1.1692198484473617,0.0640959456764363,0.0647309161319926,1.0099065619339125,0.007537774016728272,0.11760142237464666,-0.0020493346090252333,-0.04171186413880257
standard_queries,2,31,740,0.06409594535424902,0.06236852872613314,0.9730495178974473,0.06356206222160442,0.07230633738878611,1.1375706649777255,0.0640959456764363,0.06375188265700599,0.9946320626710591,-0.0013833539308728399,-0.021582544773611767,-0.00993780866265297,-0.1645211470802782
standard_queries,2,32,740,0.06409594535424902,0.0638380294514669,0.9959760964386021,0.06356206222160442,0.07149545079147493,1.1248132658473435,0.0640959456764363,0.06362211418312949,0.9926074654440897,0.00021591526833740442,0.003368630994512345,-0.00765742134000804,-0.12883716940874146
standard_queries,2,33,740,0.06409594535424902,0.0644547117723001,1.0055973340601847,0.06356206222160442,0.07274315397481661,1.1444429496513657,0.0640959456764363,0.06389336306098345,0.996839384873491,0.0005613487113166499,0.008757949186693703,-0.008288442202516504,-0.13884561559118103
standard_queries,2,34,740,0.06409594535424902,0.060428287894339176,0.9427786353779597,0.06356206222160442,0.0750789692273011,1.1811915253086636,0.0640959456764363,0.06333884286719399,0.9881879766145547,-0.0029105549728548207,-0.04540934123659501,-0.014650681332961933,-0.23841288993070386
standard_queries,2,35,740,0.06409594535424902,0.054145687979620855,0.8447599560372417,0.06356206222160442,0.06992497210567061,1.1001054664004195,0.0640959456764363,0.06285994528113185,0.9807164028510645,-0.008714257301510991,-0.1359564468138228,-0.015779284126049762,-0.25534551036317776
standard_queries,2,36,740,0.06409594535424902,0.05712379523225733,0.8912232266259958,0.06356206222160442,0.07486739323751347,1.1778628732418064,0.0640959456764363,0.06408856273502916,0.9998848142214112,-0.006964767502771842,-0.10866158759541533,-0.01774359800525614,-0.28663964661581054
standard_queries,2,37,740,0.06409594535424902,0.04993527092643686,0.7790706674260257,0.06356206222160442,0.07105424436363014,1.1178719173066598,0.0640959456764363,0.06447458992133269,1.0059074601505662,-0.014539318994895831,-0.2268367927245405,-0.021118973437193277,-0.3388012498806341
standard_queries,2,38,740,0.06409594535424902,0.06004625608188075,0.936818323686682,0.06356206222160442,0.07370837028767611,1.1596283649623786,0.0640959456764363,0.06365131904950012,0.9930631084034443,-0.0036050629676193805,-0.0562447847167622,-0.013662114205795365,-0.2228100412756966
standard_queries,2,39,740,0.06409594535424902,0.07772619663863568,1.212653877075285,0.06356206222160442,0.08142214107352334,1.2809864599680714,0.0640959456764363,0.06441060397270564,1.0049091762817226,0.013315592665930052,0.20774470079356244,-0.003695944434887654,-0.06833258289278632
standard_queries,2,40,740,0.06409594535424902,0.07682923936360592,1.1986598986719332,0.06356206222160442,0.08138481515484887,1.2803992241646713,0.0640959456764363,0.06344332809786539,0.9898181145206064,0.013385911265740524,0.20884178415132681,-0.00455557579124296,-0.0817393254927381
standard_queries,2,41,740,0.06409594535424902,0.05618683091692022,0.8766050739463117,0.06356206222160442,0.07232585227167285,1.1378776858987696,0.0640959456764363,0.0637030873145606,0.9938707767280807,-0.007516256397640383,-0.11726570278176895,-0.01613902135475262,-0.2612726119524579
standard_queries,2,42,740,0.06409594535424902,0.06853128089695364,1.069198379370039,0.06356206222160442,0.08161311922846613,1.2839910534042782,0.0640959456764363,0.06292095820646028,0.9816683027674249,0.005610322690493352,0.08753007660261414,-0.013081838331512503,-0.21479267403423918
standard_queries,2,43,740,0.06409594535424902,0.07441549792483046,1.1610016439190773,0.06356206222160442,0.07403646788081607,1.1647902112221187,0.0640959456764363,0.06403573713189847,0.999060649719691,0.010379760792931994,0.16194099419938635,0.00037903004401438944,-0.0037885673030413347
standard_queries,2,44,740,0.06409594535424902,0.07861315257645943,1.2264918185070193,0.06356206222160442,0.07869081916035832,1.2380155144433265,0.0640959456764363,0.06423487198111173,1.0021674741391093,0.014378280595347688,0.22432434436790993,-7.766658389890516e-05,-0.011523695936307199
standard_queries,2,45,740,0.06409594535424902,0.06043329271110329,0.9428567185817638,0.06356206222160442,0.07646353514613331,1.2029744233210822,0.0640959456764363,0.06346911888670277,0.9902204923709556,-0.0030358261755994848,-0.047363773789191765,-0.016030242435030036,-0.2601177047393184
standard_queries,2,46,740,0.06409594535424902,0.07138779539916966,1.1137646071778744,0.06356206222160442,0.07964303553909868,1.2529964062750063,0.0640959456764363,0.06341827515814756,0.9894272483050691,0.00796952024102211,0.12433735887280528,-0.008255240139929024,-0.1392317990971319
standard_queries,2,47,740,0.06409594535424902,0.06798131270585833,1.0606179896424874,0.06356206222160442,0.07532331734090238,1.1850357698951492,0.0640959456764363,0.06437908223754651,1.004417386437194,0.003602230468311825,0.05620060320529352,-0.007342004635044046,-0.12441778025266181
standard_queries,2,48,740,0.06409594535424902,0.053488857017175574,0.8345123349308664,0.06356206222160442,0.07142111312698673,1.1236437370137915,0.0640959456764363,0.06349131021950696,0.9905667129090878,-0.01000245320233139,-0.15605437797822141,-0.017932256109811164,-0.2891314020829251
standard_queries,2,49,740,0.06409594535424902,0.05564641485343108,0.8681737127969856,0.06356206222160442,0.07240958004384428,1.1391949460575026,0.0640959456764363,0.06386545526014792,0.9964039782258317,-0.008219040406716836,-0.12823026542884608,-0.016763165190413192,-0.27102123326051697
standard_queries,2,50,740,0.06409594535424902,0.05597157613248439,0.8732467525541213,0.06356206222160442,0.07113994174712412,1.1192201646809379,0.0640959456764363,0.06319221648815516,0.9859003689118924,-0.0072206403556707745,-0.11265361635777105,-0.015168365614639747,-0.24597341212681656
standard_queries,2,51,740,0.06409594535424902,0.07194655666480193,1.1224821830330096,0.06356206222160442,0.07926769119662208,1.2470912432051235,0.0640959456764363,0.06437227266865808,1.0043111461935004,0.007574283996143857,0.11817103683950925,-0.007321134531820143,-0.12460906017211393
standard_queries,2,52,740,0.06409594535424902,0.07379723062386384,1.151355678054161,0.06356206222160442,0.0749379995706919,1.1789736983269379,0.0640959456764363,0.06380635505995234,0.9954819199026124,0.00999087556391149,0.15587375815154858,-0.001140768946828069,-0.027618020272776933
standard_queries,2,53,740,0.06409594535424902,0.07404422536492347,1.1552091938997349,0.06356206222160442,0.08039733695017325,1.2648635701886746,0.0640959456764363,0.06494759967600977,1.0132871742601743,0.009096625688913706,0.14192201963956053,-0.006353111585249772,-0.1096543762889397
standard_queries,2,54,740,0.06409594535424902,0.06603477399896931,1.030248850126239,0.06356206222160442,0.07822282314300537,1.230652694531642,0.0640959456764363,0.06360016755155615,0.9922650626393299,0.002434606447413161,0.037983787486909115,-0.01218804914403606,-0.20040384440540304
standard_queries,2,55,740,0.06409594535424902,0.08232870857055123,1.2844604774222823,0.06356206222160442,0.08118881631541897,1.2773156420312508,0.0640959456764363,0.06473898863470232,1.0100325059795854,0.017589719935848906,0.2744279714426969,0.0011398922551322627,0.007144835391031501
standard_queries,2,56,740,0.06409594535424902,0.06454546054875529,1.007013161160536,0.06356206222160442,0.06975685116407034,1.0974604776174228,0.0640959456764363,0.06416116143400605,1.0010174708693584,0.0003842991147492383,0.0059956902911775245,-0.00521139061531505,-0.09044731645688686
standard_queries,2,57,740,0.06409594535424902,0.0651154651633791,1.0159061513719057,0.06356206222160442,0.0762439755169121,1.1995201674088722,0.0640959456764363,0.06355663332584742,0.9915858585921895,0.0015588318375316826,0.024320292779716146,-0.011128510353532997,-0.1836140160369666
standard_queries,2,58,740,0.06409594535424902,0.06359872634749154,0.9922425825220391,0.06356206222160442,0.07703726251383086,1.2120006780970407,0.0640959456764363,0.0627260391575259,0.9786272516232801,0.0008726871899656347,0.013615330898758993,-0.013438536166339308,-0.2197580955750016
standard_queries,2,59,740,0.06409594535424902,0.07404406839931334,1.15520674498336,0.06356206222160442,0.07358735429274069,1.1577244620570024,0.0640959456764363,0.06412179619073868,1.0004033096638105,0.009922272208574655,0.15480343531954954,0.0004567141065726409,-0.002517717073642345
standard_queries,2,60,740,0.06409594535424902,0.0688361606887869,1.0739549952549945,0.06356206222160442,0.07835949417707082,1.2328028927676427,0.0640959456764363,0.06325037112912617,0.9868076749880766,0.005585789559660731,0.08714732026691785,-0.00952333348828393,-0.15884789751264816
standard_queries,2,61,740,0.06409594535424902,0.056683122135094695,0.8843480164277985,0.06356206222160442,0.0752146573485555,1.183326259716451,0.0640959456764363,0.0635793503877279,0.9919402813507701,-0.006896228252633198,-0.10759226492297158,-0.018531535213460792,-0.2989782432886524
standard_queries,2,62,740,0.06409594535424902,0.060187564286831266,0.9390229593179926,0.06356206222160442,0.07820104489455353,1.2303100648608813,0.0640959456764363,0.0633295355213655,0.9880427670271109,-0.003141971234534238,-0.04901980770911829,-0.018013480607722256,-0.2912871055428887
standard_queries,2,63,740,0.06409594535424902,0.05679580307490117,0.8861060206070598,0.06356206222160442,0.07123485690838582,1.1207134321732792,0.0640959456764363,0.06295560423184085,0.9822088365720975,-0.006159801156939687,-0.09610281596503767,-0.01443905383348465,-0.23460741156621945
night,1,0,55,0.0847302268851887,0.08629244349219582,1.0184375359825715,0.08473023094914177,0.11443273641846397,1.35055381221787,0.08473022471774708,0.08328348073092375,0.9829252903359724,0.0030089627612720836,0.03551224564659905,-0.028140292926268143,-0.3321162762352985
night,1,1,55,0.0847302268851887,0.09049673026258295,1.0680572162896245,0.08473023094914177,0.1260320801626552,1.4874511582330558,0.08473022471774708,0.08050757375630466,0.9501635812307957,0.009989156506278298,0.11789363505882877,-0.035535349900072274,-0.4193939419434314
night,1,2,55,0.0847302268851887,0.11083553541790356,1.3080991222658722,0.08473023094914177,0.13156374069777402,1.5527367177453284,0.08473022471774708,0.08391224416819486,0.9903460594814061,0.026923291249708697,0.31775306278446613,-0.020728205279870467,-0.24463759547945618
night,1,3,55,0.0847302268851887,0.11126491725444794,1.3131667569498464,0.08473023094914177,0.12593374848365785,1.4862906317256228,0.08473022471774708,0.0921569442207163,1.087651360865725,0.019107973033731632,0.2255153960841214,-0.0146688312292099,-0.1731238747757764
night,1,4,55,0.0847302268851887,0.08855749490586194,1.0451700433407225,0.08473023094914177,0.08637246015396985,1.0193818568229067,0.08473022471774708,0.08226153633811258,0.9708641351081247,0.00629595856774937,0.07430590823259775,0.00218503475189209,0.02578818651781578
night,1,5,55,0.0847302268851887,0.12220103903250261,1.44223665538023,0.08473023094914177,0.12237091633406552,1.4442415058152869,0.08473022471774708,0.08817883079702205,1.040701014198451,0.03402220823548057,0.401535641181779,-0.00016987730156291616,-0.0020048504350569374
night,1,6,55,0.0847302268851887,0.12434727034785531,1.4675668284985068,0.08473023094914177,0.13390452455390583,1.580363030454624,0.08473022471774708,0.09230806394056841,1.089434900569007,0.032039206407286906,0.3781319279294999,-0.009557254206050527,-0.11279620195611706
night,1,7,55,0.0847302268851887,0.07437592148780822,0.8777967936824861,0.08473023094914177,0.0916612684726715,1.0818012348826243,0.08473022471774708,0.08739093081517653,1.0314020894703488,-0.013015009327368304,-0.15360529578786275,-0.01728534698486328,-0.20400444120013816
night,1,8,55,0.0847302268851887,0.08709649308161302,1.0279270607835225,0.08473023094914177,0.11459402401338924,1.352457354709358,0.08473022471774708,0.08119244900616733,0.9582465911855566,0.0059040440754456955,0.06968046959796592,-0.02749753093177622,-0.32453029392583543
night,1,9,55,0.0847302268851887,0.11511559107086876,1.3586130393212905,0.08473023094914177,0.14235237430442463,1.6800659305398309,0.08473022471774708,0.08637325018644333,1.0193912558850102,0.028742340884425423,0.3392217834362803,-0.02723678323355588,-0.32145289121854037
night,1,10,55,0.0847302268851887,0.0872887828133323,1.0301964956568626,0.08473023094914177,0.09058899418874221,1.0691460789610865,0.08473022471774708,0.08279367685317993,0.9771445446885315,0.004495105960152366,0.05305195096833104,-0.0033002113754099067,-0.038949583304223934
night,1,11,55,0.0847302268851887,0.09334674206647006,1.1016935218756927,0.08473023094914177,0.108402895656499,1.279388648445517,0.08473022471774708,0.09077857678586787,1.071383642475504,0.002568165280602195,0.03030987940018859,-0.015056153590028936,-0.17769512656982434
night,1,12,55,0.0847302268851887,0.1041160215031017,1.2287943196963365,0.08473023094914177,0.13622506667267192,1.6077504468793349,0.08473022471774708,0.08352219706231898,0.9857426596063886,0.02059382444078272,0.24305166008994783,-0.03210904516957023,-0.3789561271829984
night,1,13,55,0.0847302268851887,0.10646723942323165,1.2565437782610573,0.08473023094914177,0.1388415049422871,1.6386300779190008,0.08473022471774708,0.08492771549658341,1.0023308185419573,0.02153952392664823,0.2542129597191001,-0.03237426551905545,-0.3820862996579435
night,1,14,55,0.0847302268851887,0.11407087607817216,1.346283142056738,0.08473023094914177,0.1320526583628221,1.5585070037409083,0.08473022471774708,0.08446010486646131,0.9968120012405776,0.029610771211710844,0.3494711408161605,-0.017981782284649937,-0.2122238616841703
night,1,15,55,0.0847302268851887,0.10413447997786782,1.2290121696354277,0.08473023094914177,0.11938742995262146,1.4090299131166328,0.08473022471774708,0.08769082427024841,1.0349414811817585,0.016443655707619406,0.19407068845366915,-0.01525294997475364,-0.18001774348120514
night,1,16,55,0.0847302268851887,0.09322801936756481,1.1002923371595688,0.08473023094914177,0.09163213805718855,1.0814574329696984,0.08473022471774708,0.08601488958705555,1.015161825353207,0.007213129780509255,0.08513051180636166,0.001595881310376254,0.018834904189870327
night,1,17,55,0.0847302268851887,0.09133691516789523,1.0779732160006927,0.08473023094914177,0.10409436280077154,1.2285386412230228,0.08473022471774708,0.08774815391410482,1.0356180950352845,0.003588761253790422,0.04235512096540828,-0.01275744763287631,-0.15056542522233007
night,1,18,55,0.0847302268851887,0.08416212025013838,0.9932951125479679,0.08473023094914177,0.09765805466608568,1.1525762832477546,0.08473022471774708,0.08568369800394232,1.0112530480046693,-0.0015215777538039466,-0.017957935456701435,-0.013495934415947307,-0.15928117069978676
night,1,19,55,0.0847302268851887,0.09094311838800256,1.0733255619772204,0.08473023094914177,0.10932156985456293,1.2902309911108563,0.08473022471774708,0.08693412054668773,1.0260107398072207,0.004008997841314836,0.047314822169999715,-0.018378451466560364,-0.21690542913363586
night,1,20,55,0.0847302268851887,0.11448784606023268,1.3512042900034504,0.08473023094914177,0.13599600033326584,1.6050469685949007,0.08473022471774708,0.08472561429847371,0.9999455870760554,0.02976223176175898,0.35125870292739503,-0.021508154273033143,-0.25384267859145027
night,1,21,55,0.0847302268851887,0.10267155278812755,1.2117464635996988,0.08473023094914177,0.11131817888129841,1.3137952963696715,0.08473022471774708,0.08613052368164062,1.0165265578907434,0.016541029106486926,0.19521990570895542,-0.00864662609317086,-0.10204883276997267
night,1,22,55,0.0847302268851887,0.07899719774723053,0.9323378521607577,0.08473023094914177,0.09342928366227583,1.1026676384058904,0.08473022471774708,0.088241816108877,1.0414443771726998,-0.009244618361646478,-0.10910652501194207,-0.014432085915045304,-0.17032978624513273
night,1,23,55,0.0847302268851887,0.09553576734932986,1.1275287563998015,0.08473023094914177,0.09555747969584032,1.127784954973125,0.08473022471774708,0.0844945254650983,0.99721823878747,0.011041241884231567,0.1303105176123316,-2.1712346510453656e-05,-0.00025619857332337403
night,1,24,55,0.0847302268851887,0.13711627992716702,1.6182687686291994,0.08473023094914177,0.14014234380288557,1.6539827902393447,0.08473022471774708,0.08815154839645732,1.0403790228352083,0.0489647315307097,0.5778897457939911,-0.00302606387571855,-0.03571402161014525
night,1,25,55,0.0847302268851887,0.10123455957932906,1.1947868346499777,0.08473023094914177,0.11034909053282305,1.3023579576817002,0.08473022471774708,0.08566946143453771,1.0110850256790822,0.015565098144791343,0.1837018089708955,-0.009114530953493986,-0.10757112303172245
night,1,26,55,0.0847302268851887,0.11979685723781586,1.4138621085028273,0.08473023094914177,0.13184149861335753,1.556014861950438,0.08473022471774708,0.08722850707444278,1.0294851378598129,0.03256835016337308,0.38437697064301446,-0.012044641375541686,-0.14215275344761058
night,1,27,55,0.0847302268851887,0.10180314481258393,1.2014973705963208,0.08473023094914177,0.1261712524023923,1.4890936916969455,0.08473022471774708,0.0830127477645874,0.9797300554922292,0.01879039704799652,0.22176731510409153,-0.024368107589808376,-0.2875963211006247
night,1,28,55,0.0847302268851887,0.07663137452168899,0.904416019392066,0.08473023094914177,0.10680210834199733,1.2604958955688899,0.08473022471774708,0.08346667005257173,0.9850873207360833,-0.006835295530882748,-0.08067130134401734,-0.030170733820308337,-0.3560798761768239
night,1,29,55,0.0847302268851887,0.1386959430846301,1.6369122116545975,0.08473023094914177,0.14276939088648016,1.6849876282312468,0.08473022471774708,0.0885697137225758,1.0453142785543035,0.050126229362054305,0.5915979331002941,-0.004073447801850059,-0.048075416576649266
night,1,30,55,0.0847302268851887,0.0966704555533149,1.1409205322240605,0.08473023094914177,0.1326975093646483,1.56611764040037,0.08473022471774708,0.08247880908575925,0.9734284236883859,0.014191646467555653,0.16749210853567464,-0.0360270538113334,-0.4251971081763095
night,1,31,55,0.0847302268851887,0.1311558869752017,1.5479232358591553,0.08473023094914177,0.12564685290510005,1.482904643332295,0.08473022471774708,0.08738067136569456,1.0312810057659665,0.043775215609507125,0.5166422300931888,0.005509034070101651,0.06501859252686026
night,1,32,55,0.0847302268851887,0.10149878371845591,1.1979052511683814,0.08473023094914177,0.10371432954614812,1.2240534267916883,0.08473022471774708,0.08485180125995116,1.0014348662783448,0.016646982458504763,0.19647038489003665,-0.0022155458276922053,-0.026148175623306846
night,1,33,55,0.0847302268851887,0.10351227576082403,1.2216688136700662,0.08473023094914177,0.1147861513224515,1.354724872535169,0.08473022471774708,0.08493814861232585,1.0024539518840105,0.01857412714849819,0.21921486178605565,-0.011273875561627475,-0.13305605886510286
night,1,34,55,0.0847302268851887,0.08935812955552881,1.0546192644640384,0.08473023094914177,0.10976091542027214,1.2954162191078498,0.08473022471774708,0.08423186052929271,0.9941182241624578,0.0051262690262361,0.060501040301580655,-0.02040278586474332,-0.24079695464381135
night,1,35,55,0.0847302268851887,0.10881572636691007,1.2842610053948955,0.08473023094914177,0.13221893527291037,1.5604694309434033,0.08473022471774708,0.08739333030852404,1.03143040868413,0.02142239605838602,0.2528305967107656,-0.02340320890600031,-0.2762084255485078
night,1,36,55,0.0847302268851887,0.13191922063177283,1.5569322245593207,0.08473023094914177,0.12588191357525913,1.4856788676855859,0.08473022471774708,0.08479934768243269,1.000815800558961,0.04711987294934013,0.5561164240003598,0.0060373070565136995,0.0712533568737348
night,1,37,55,0.0847302268851887,0.07793047536503185,0.9197482200847795,0.08473023094914177,0.08475324240597812,1.0002715849653492,0.08473022471774708,0.08563540767539632,1.010683117632044,-0.007704932310364463,-0.09093489754726458,-0.006822767040946267,-0.08052336488056966
night,1,38,55,0.0847302268851887,0.11016274799000134,1.3001587749702859,0.08473023094914177,0.11900330212983218,1.40449637392423,0.08473022471774708,0.08469619317488238,0.9995983541531008,0.025466554815118964,0.30056042081718504,-0.008840554139830849,-0.10433759895394412
night,1,39,55,0.0847302268851887,0.09055297103795139,1.0687209791218029,0.08473023094914177,0.08973217606544495,1.0590337717751004,0.08473022471774708,0.08349817422303286,0.9854591381196213,0.007054796814918518,0.08326184100218159,0.0008207949725064364,0.009687207346702476
night,1,40,55,0.0847302268851887,0.07606042569333857,0.8976775879097089,0.08473023094914177,0.09785158038139344,1.1548603052920698,0.08473022471774708,0.08694317503408952,1.0261176023516307,-0.010882749340750954,-0.12844001444192188,-0.021791154688054867,-0.257182717382361
night,1,41,55,0.0847302268851887,0.09578499387611042,1.1304701686436076,0.08473023094914177,0.12899767729369077,1.5224516190817416,0.08473022471774708,0.08268582306124947,0.9758716365581714,0.013099170814860952,0.15459853208543617,-0.033212683417580345,-0.39198145043813404
night,1,42,55,0.0847302268851887,0.11084174622188915,1.3081724231906295,0.08473023094914177,0.13490631851282986,1.5921863660894027,0.08473022471774708,0.08514596914703196,1.0049066838978629,0.025695777074857193,0.3032657392927667,-0.02406457229094072,-0.28401394289877313
night,1,43,55,0.0847302268851887,0.10456879572434859,1.2341380351316842,0.08473023094914177,0.10376336710019544,1.224632175999592,0.08473022471774708,0.08401340029456399,0.9915399206650168,0.0205553954297846,0.24259811446666735,0.0008054286241531372,0.009505859132092231
night,1,44,55,0.0847302268851887,0.12919493100859902,1.5247797127188263,0.08473023094914177,0.1431268794970079,1.6892067670973063,0.08473022471774708,0.08864691718058153,1.0462254464198781,0.040548013828017496,0.47855426629894815,-0.013931948488408868,-0.16442705437848004
night,1,45,55,0.0847302268851887,0.07332129112698815,0.865349873621135,0.08473023094914177,0.09768758307803761,1.1529247823798963,0.08473022471774708,0.08150113495913419,0.9618897533982753,-0.008179843832146037,-0.09653987977714029,-0.024366291951049456,-0.28757490875876124
night,1,46,55,0.0847302268851887,0.13277346058325334,1.5670141042247443,0.08473023094914177,0.13996172601526433,1.6518511096620825,0.08473022471774708,0.08550715175541965,1.0091694202424302,0.0472663088278337,0.5578446839823141,-0.007188265432010997,-0.08483700543733819
night,1,47,55,0.0847302268851887,0.08871889439496126,1.0470749065168596,0.08473023094914177,0.10312204090031711,1.2170631396273992,0.08473022471774708,0.09101751839572733,1.07420367051928,-0.0022986240007660604,-0.027128764002420258,-0.014403146505355836,-0.16998823311053957
night,1,48,55,0.0847302268851887,0.09553911008618095,1.127568207927007,0.08473023094914177,0.09696693637154319,1.1444195924562788,0.08473022471774708,0.08943439356305383,1.0555193717587465,0.006104716523127122,0.07204883616826052,-0.0014278262853622437,-0.016851384529271707
night,1,49,55,0.0847302268851887,0.14098424992778086,1.6639191833962341,0.08473023094914177,0.14549607526172292,1.7171684017839521,0.08473022471774708,0.08882084055380388,1.0482781185779153,0.05216340937397697,0.6156410648183188,-0.004511825333942066,-0.05324921838771801
night,1,50,55,0.0847302268851887,0.07987246689471332,0.9426679218378848,0.08473023094914177,0.10108939219604839,1.1930734882184613,0.08473022471774708,0.08285200040448795,0.9778328888007101,-0.0029795335097746417,-0.03516496696282523,-0.021216925301335076,-0.2504055663805764
night,1,51,55,0.0847302268851887,0.0937508691440929,1.1064630957630666,0.08473023094914177,0.1142940415577455,1.3489169128589893,0.08473022471774708,0.08675458417697386,1.0238918221445807,0.006996284967119044,0.08257127361848582,-0.020543172413652593,-0.24245381709592273
night,1,52,55,0.0847302268851887,0.08648887520486659,1.0207558551927505,0.08473023094914177,0.11608329740437594,1.3700340020795347,0.08473022471774708,0.08434253429824656,0.995424414123862,0.0021463409066200256,0.025331441068888516,-0.02959442219950936,-0.34927814688678427
night,1,53,55,0.0847302268851887,0.09460753364996477,1.1165735904160863,0.08473023094914177,0.13678816231814298,1.6143961934937758,0.08473022471774708,0.08425821499391035,0.9944292638735577,0.01034931865605441,0.1221443265425286,-0.04218062866817821,-0.49782260307768955
night,1,54,55,0.0847302268851887,0.1163761702450839,1.3734906009726153,0.08473023094914177,0.13308014382015576,1.5706335546286354,0.08473022471774708,0.08739002645015717,1.0313914160061584,0.02898614379492673,0.34209918496645697,-0.016703973575071855,-0.19714295365602008
night,1,55,55,0.0847302268851887,0.08701730018312281,1.0269924132391755,0.08473023094914177,0.10378708080811934,1.2249120490467706,0.08473022471774708,0.08397360660813072,0.9910702690552656,0.003043693574992093,0.03592214418390982,-0.01676978062499653,-0.1979196358075952
night,1,56,55,0.0847302268851887,0.10838616598736156,1.2791912635171763,0.08473023094914177,0.11214120550589128,1.3235087907786136,0.08473022471774708,0.08566679683598605,1.011053577650229,0.02271936915137551,0.2681376858669473,-0.0037550395185297187,-0.04431752726143734
night,1,57,55,0.0847302268851887,0.11578935222192244,1.3665648786568165,0.08473023094914177,0.1215454172004353,1.4344988304515702,0.08473022471774708,0.08598388270898298,1.0147958770959489,0.029805469512939452,0.35176900156086766,-0.005756064978512851,-0.0679339517947537
night,1,58,55,0.0847302268851887,0.1505236110904,1.7765042845260257,0.08473023094914177,0.13102589520541105,1.5463889775546305,0.08473022471774708,0.08805884637615898,1.0392849383971325,0.062464764714241026,0.7372193461288932,0.01949771588498896,0.23011530697139526
night,1,59,55,0.0847302268851887,0.126108027046377,1.4883475671233137,0.08473023094914177,0.11587390222332694,1.3675626860131984,0.08473022471774708,0.08714755881916393,1.0285297732830223,0.03896046822721308,0.4598177938402914,0.010234124823050066,0.12078488111011532
night,1,60,55,0.0847302268851887,0.09426455660299822,1.1125257191949778,0.08473023094914177,0.09439903985370289,1.114112859085262,0.08473022471774708,0.08700931221246719,1.0268981641711938,0.00725524439053102,0.08562755502378394,-0.00013448325070467864,-0.0015871398902842504
night,1,61,55,0.0847302268851887,0.09631015820936724,1.136668244024291,0.08473023094914177,0.10809786766767501,1.2757886583899363,0.08473022471774708,0.08920964977957986,1.0528669087890963,0.007100508429787376,0.08380133523519473,-0.011787709458307786,-0.13912041436564526
night,1,62,55,0.0847302268851887,0.11834733973849904,1.3967546658273704,0.08473023094914177,0.14199516773223878,1.6758501203362652,0.08473022471774708,0.08519548353823748,1.0054910608586283,0.03315185620026155,0.39126360496874213,-0.023647827993739736,-0.27909545450889484
night,1,63,55,0.0847302268851887,0.07476339827884328,0.882369858163478,0.08473023094914177,0.08722867450930856,1.0294870382410082,0.08473022471774708,0.08514195436781102,1.004859300815447,-0.010378556088967757,-0.12248944265196893,-0.012465276230465281,-0.14711718007753016
night,2,0,55,0.0847302268851887,0.09858244278214194,1.163486118309624,0.08473023094914177,0.10984292409636758,1.2963840988737465,0.08473022471774708,0.09081408002159812,1.0718026574828232,0.007768362760543823,0.09168346082680068,-0.011260481314225631,-0.1328979805641226
night,2,1,55,0.0847302268851887,0.13961062946102837,1.6477074899162465,0.08473023094914177,0.15210628726265646,1.7951832015418006,0.08473022471774708,0.0843518083745783,0.9955338682928158,0.055258821086450055,0.6521736216234307,-0.012495657801628113,-0.14747571162555406
night,2,2,55,0.0847302268851887,0.1355954893610694,1.6003201495589554,0.08473023094914177,0.14058168774301355,1.6591679990509636,0.08473022471774708,0.08756458000703292,1.0334515256949646,0.048030909354036505,0.5668686238639908,-0.004986198381944136,-0.058847849492008164
night,2,3,55,0.0847302268851887,0.09771299551833759,1.1532247594561598,0.08473023094914177,0.1120023329149593,1.321869793818776,0.08473022471774708,0.09069501188668337,1.0703973958384527,0.00701798363165422,0.08282736361770704,-0.014289337396621703,-0.16864503436261624
night,2,4,55,0.0847302268851887,0.11050604175437581,1.3042103841420594,0.08473023094914177,0.10832067619670521,1.2784182809760463,0.08473022471774708,0.0867210252718492,1.0234957544457584,0.023785016482526605,0.280714629696301,0.002185365557670593,0.025792103166013103
night,2,5,55,0.0847302268851887,0.15206625244834207,1.79471079021652,0.08473023094914177,0.14841536337679082,1.751622316076009,0.08473022471774708,0.08388093249364333,0.9899765139661447,0.06818531995469873,0.8047342762503753,0.0036508890715512363,0.04308847414051109
night,2,6,55,0.0847302268851887,0.09119638990272175,1.076314713830459,0.08473023094914177,0.11103801022876393,1.3104887002540224,0.08473022471774708,0.0839585003527728,0.9908919825535097,0.007237889549948953,0.08542273127694922,-0.019841620326042177,-0.23417398642356346
night,2,7,55,0.0847302268851887,0.11166634505445307,1.31790447352116,0.08473023094914177,0.13205001977356998,1.5584758626803614,0.08473022471774708,0.085492596978491,1.0089976423794877,0.026173748075962067,0.3089068311416723,-0.020383674719116906,-0.2405713891592014
night,2,8,55,0.0847302268851887,0.12607024935158817,1.4879017085887907,0.08473023094914177,0.13582253510301764,1.6029997036659014,0.08473022471774708,0.08407763012430884,0.9922979716433875,0.041992619227279315,0.49560373694540316,-0.009752285751429472,-0.11509799507711072
night,2,9,55,0.0847302268851887,0.0994611832228574,1.1738571567574043,0.08473023094914177,0.12820604497736152,1.5131086454174254,0.08473022471774708,0.08586403754624454,1.0133814448418426,0.013597145676612854,0.16047571191556176,-0.028744861754504115,-0.3392514886600211
night,2,10,55,0.0847302268851887,0.09275390830906954,1.0946968008801994,0.08473023094914177,0.11273930804295973,1.330567694435178,0.08473022471774708,0.0847219469872388,0.9999023048677629,0.00803196132183075,0.0947944960124365,-0.019985399733890186,-0.2358708935549787
night,2,11,55,0.0847302268851887,0.10336003628644076,1.2198720584862335,0.08473023094914177,0.11425550065257332,1.348462046812474,0.08473022471774708,0.08504238670522517,1.0036841869417668,0.0183176495812156,0.21618787154446673,-0.010895464366132562,-0.12858998832624047
night,2,12,55,0.0847302268851887,0.09201352393085306,1.0859586633177953,0.08473023094914177,0.09723942550745877,1.1476355536647302,0.08473022471774708,0.08759907646612687,1.0338586585594043,0.004414447464726188,0.05210000475839105,-0.00522590157660571,-0.06167689034693491
night,2,13,55,0.0847302268851887,0.12213116396557201,1.4414119784083947,0.08473023094914177,0.1309665864164179,1.5456890055572836,0.08473022471774708,0.08953705037182028,1.056730944241983,0.032594113593751736,0.38468103416641175,-0.008835422450845893,-0.10427702714888887
night,2,14,55,0.0847302268851887,0.10151051635091955,1.198043721616236,0.08473023094914177,0.13423636745322834,1.5842794944557865,0.08473022471774708,0.08842193538492377,1.0435701743914227,0.01308858096599579,0.15447354722481332,-0.032725851102308794,-0.38623577283955046
night,2,15,55,0.0847302268851887,0.1390268780968406,1.6408179608113764,0.08473023094914177,0.1418688568201932,1.6743593783586896,0.08473022471774708,0.08446861695159566,0.9969124622645237,0.054558261145244945,0.6439054985468528,-0.0028419787233526055,-0.03354141754731321
night,2,16,55,0.0847302268851887,0.10835168280384758,1.2787842873437179,0.08473023094914177,0.12041638032956557,1.421173753224442,0.08473022471774708,0.08369789882139726,0.9878163205657875,0.02465378398245031,0.29096796677793035,-0.012064697525717996,-0.1423894658807241
night,2,17,55,0.0847302268851887,0.0990792921998284,1.1693500164242803,0.08473023094914177,0.0999275730414824,1.1793615091343568,0.08473022471774708,0.087824762951244,1.0365222474483626,0.0112545292485844,0.13282776897591764,-0.0008482808416539972,-0.010011492710076508
night,2,18,55,0.0847302268851887,0.14008428291840988,1.6532976255124054,0.08473023094914177,0.14280431812459773,1.6853998451900147,0.08473022471774708,0.08573891872709448,1.011904772030377,0.054345364191315394,0.6413928534820283,-0.002720035206187855,-0.03210221967760929
night,2,19,55,0.0847302268851887,0.11482305580919439,1.3551604903027359,0.08473023094914177,0.13999862399968235,1.6522865856899969,0.08473022471774708,0.08774198835546321,1.0355453281016178,0.02708106745373119,0.3196151622011181,-0.025175568190487947,-0.297126095387261
night,2,20,55,0.0847302268851887,0.12486707378517498,1.47370163370827,0.08473023094914177,0.1230394103310325,1.452131180958132,0.08473022471774708,0.08549635721878572,1.009042021351776,0.039370716566389255,0.4646596123564941,0.0018276634541424838,0.021570452750137914
night,2,21,55,0.0847302268851887,0.09586606079881842,1.131426933728373,0.08473023094914177,0.10970829345963218,1.2947951661489414,0.08473022471774708,0.08762899881059473,1.034211806973297,0.008237061988223682,0.09721512675507604,-0.013842232660813764,-0.1633682324205683
night,2,22,55,0.0847302268851887,0.09329561916264621,1.1010901610007937,0.08473023094914177,0.11013864901932803,1.2998742926292428,0.08473022471774708,0.08682861111380837,1.0247655001866385,0.0064670080488378355,0.07632466081415523,-0.016843029856681825,-0.1987841316284491
night,2,23,55,0.0847302268851887,0.11835583990270442,1.396854986155993,0.08473023094914177,0.12867130691354925,1.5185997426441875,0.08473022471774708,0.08622999936342239,1.0177005861918973,0.03212584053928202,0.3791543999640956,-0.010315467010844837,-0.1217447564881946
night,2,24,55,0.0847302268851887,0.1033562264659188,1.2198270943611271,0.08473023094914177,0.12186359194192019,1.4382539806254895,0.08473022471774708,0.08754871595989575,1.0332642956104223,0.01580751050602306,0.1865627987507048,-0.018507365476001392,-0.21842688626436235
night,2,25,55,0.0847302268851887,0.10930157601833343,1.2899950824684965,0.08473023094914177,0.13126994154670021,1.5492692522636144,0.08473022471774708,0.08908256454901262,1.0513670280677767,0.020219011469320817,0.23862805440071977,-0.02196836552836678,-0.25927416979511797
night,2,26,55,0.0847302268851887,0.09285772307352587,1.0959220397149425,0.08473023094914177,0.11219828941605307,1.324182504393251,0.08473022471774708,0.08869191055948084,1.0467564656523798,0.0041658125140450215,0.04916557406256272,-0.019340566342527215,-0.2282604646783084
night,2,27,55,0.0847302268851887,0.11964804313399575,1.4121057801027894,0.08473023094914177,0.13716924705288627,1.6188938176649177,0.08473022471774708,0.08725784705443816,1.029831413112748,0.03239019607955759,0.38227436699004147,-0.01752120391889052,-0.20678803756212827
night,2,28,55,0.0847302268851887,0.1280670464038849,1.5114682340862666,0.08473023094914177,0.1314452740279111,1.5513385547929102,0.08473022471774708,0.08850738636472008,1.044578680860997,0.0395596600391648,0.4668895532252697,-0.003378227624026212,-0.039870320706643536
night,2,29,55,0.0847302268851887,0.11733171560547569,1.3847681036480959,0.08473023094914177,0.11532601389017973,1.3610964185781895,0.08473022471774708,0.08634398498318412,1.019045863159372,0.030987730622291564,0.3657222404887239,0.002005701715295965,0.023671685069906356
night,2,30,55,0.0847302268851887,0.14340099015019156,1.6924419468922585,0.08473023094914177,0.1371763684532859,1.6189778655935008,0.08473022471774708,0.08595069348812104,1.0144041724713888,0.057450296662070535,0.6780377744208697,0.006224621696905656,0.0734640812987577
night,2,31,55,0.0847302268851887,0.11574343930591237,1.3660230069104764,0.08473023094914177,0.1283372180028395,1.5146567708504453,0.08473022471774708,0.08643753664060072,1.0201499751539789,0.02930590266531164,0.34587303175649753,-0.012593778696927157,-0.14863376393996885
night,2,32,55,0.0847302268851887,0.1477295772595839,1.7435286401364258,0.08473023094914177,0.1451462295922366,1.7130394661541612,0.08473022471774708,0.0860037998719649,1.0150309427180246,0.061725777387619016,0.7284976974184012,0.0025833476673473013,0.030489173982264584
night,2,33,55,0.0847302268851887,0.09220912808721715,1.0882672155730506,0.08473023094914177,0.10959273983131755,1.2934313833878157,0.08473022471774708,0.08879707780751316,1.0479976667513105,0.003412050279704007,0.040269548821740164,-0.017383611744100396,-0.2051641678147651
night,2,34,55,0.0847302268851887,0.11848325729370117,1.3983587870506773,0.08473023094914177,0.14970604777336122,1.766855183756319,0.08473022471774708,0.08435736569491299,0.9955994566982898,0.03412589159878818,0.40275933035238753,-0.031222790479660034,-0.3684963967056416
night,2,35,55,0.0847302268851887,0.12451655349948189,1.4695647359495982,0.08473023094914177,0.1254420302130959,1.4804872925271606,0.08473022471774708,0.08317583474245939,0.9816548347361798,0.04134071875702251,0.4879099012134185,-0.0009254767136140303,-0.010922556577562359
night,2,36,55,0.0847302268851887,0.10799679458141327,1.2745958384810094,0.08473023094914177,0.12765582691539418,1.5066148821430447,0.08473022471774708,0.08585456474260851,1.0132696452606709,0.022142229838804765,0.26132619322033857,-0.01965903233398091,-0.2320190436620353
night,2,37,55,0.0847302268851887,0.0989934420043772,1.1683367983720314,0.08473023094914177,0.1125764322551814,1.328645407832701,0.08473022471774708,0.09088637124408375,1.0726558503396397,0.00810707076029344,0.09568094803239169,-0.013582990250804207,-0.1603086094606696
night,2,38,55,0.0847302268851887,0.14155604432929647,1.670667594471427,0.08473023094914177,0.14606790650974621,1.723917247403959,0.08473022471774708,0.0876856270161542,1.0348801423370722,0.05387041731314226,0.635787452134355,-0.004511862180449746,-0.05324965293253192
night,2,39,55,0.0847302268851887,0.12210889079354026,1.4411491067880704,0.08473023094914177,0.13723850304430182,1.6197111881670365,0.08473022471774708,0.08386054160920056,0.9897358574057415,0.0382483491843397,0.45141324938232885,-0.015129612250761553,-0.17856208137896612
night,2,40,55,0.0847302268851887,0.09607358520681208,1.133876170743575,0.08473023094914177,0.103799046440558,1.2250532693916774,0.08473022471774708,0.08824996013532985,1.0415404943077597,0.007823625071482225,0.0923356764358152,-0.007725461233745921,-0.09117709864810242
night,2,41,55,0.0847302268851887,0.08550798161463304,1.0091791885615768,0.08473023094914177,0.09612427123568275,1.134474321135512,0.08473022471774708,0.09432490617036819,1.1132380031397635,-0.008816924555735154,-0.10405881457818666,-0.010616289621049707,-0.1252951325739351
night,2,42,55,0.0847302268851887,0.1121792733669281,1.323958137382701,0.08473023094914177,0.15033127882263878,1.774234262536983,0.08473022471774708,0.08609069084579295,1.0160564442331865,0.02608858252113516,0.30790169314951443,-0.03815200545571067,-0.45027612515428195
night,2,43,55,0.0847302268851887,0.09862969869917089,1.1640438403737106,0.08473023094914177,0.11166925782507116,1.3179387873036628,0.08473022471774708,0.08555681556463242,1.0097555606590076,0.013072883134538476,0.15428827971470294,-0.013039559125900269,-0.1538949469299522
night,2,44,55,0.0847302268851887,0.09590268649838188,1.131859196226774,0.08473023094914177,0.1169941707090898,1.380784277329706,0.08473022471774708,0.08641977554017848,1.0199403557356257,0.009482910958203403,0.1119188404911482,-0.021091484210707924,-0.2489250811029322
night,2,45,55,0.0847302268851887,0.10370264161716808,1.223915542651472,0.08473023094914177,0.12728279287164862,1.5022122735396353,0.08473022471774708,0.08753031952814623,1.0330471779076098,0.016172322089021855,0.19086836474386226,-0.023580151254480534,-0.2782967308881632
night,2,46,55,0.0847302268851887,0.11327771977944807,1.3369221816547456,0.08473023094914177,0.1284515749324452,1.516006429978299,0.08473022471774708,0.08719310543753885,1.0290673219384947,0.026084614341909236,0.30785485971625093,-0.015173855152997103,-0.1790842483235533
night,2,47,55,0.0847302268851887,0.12087715159762989,1.4266119192790674,0.08473023094914177,0.1298989477482709,1.533088559928995,0.08473022471774708,0.08687685267491774,1.0253348549979833,0.034000298922712155,0.4012770642810841,-0.009021796150641009,-0.10647664064992757
night,2,48,55,0.0847302268851887,0.14263140775940636,1.6833592096085732,0.08473023094914177,0.14547634504058143,1.7169355424972434,0.08473022471774708,0.08755774674090472,1.033370878368099,0.05507366101850163,0.6499883312404742,-0.0028449372811750933,-0.033576332888670235
night,2,49,55,0.0847302268851887,0.09912558577277443,1.1698963807460558,0.08473023094914177,0.11090472367676822,1.308915630636453,0.08473022471774708,0.08795247457244179,1.0380295209345738,0.011173111200332642,0.13186685981148205,-0.01177913790399378,-0.13901924989039727
night,2,50,55,0.0847302268851887,0.11668831218372691,1.3771745512005074,0.08473023094914177,0.1280291806567799,1.5110212638701266,0.08473022471774708,0.08405617421323602,0.992044745464131,0.03263213797049089,0.38512980573637634,-0.01134086847305298,-0.13384671266961923
night,2,51,55,0.0847302268851887,0.0997971231287176,1.177821974487863,0.08473023094914177,0.11985648274421692,1.4145657506369744,0.08473022471774708,0.08623152646151457,1.0177186092538832,0.013565596667203037,0.16010336523397983,-0.020059359615499324,-0.23674377614911135
night,2,52,55,0.0847302268851887,0.09375732595270331,1.1065393000746535,0.08473023094914177,0.11169219342145052,1.3182094769515302,0.08473022471774708,0.08583087325096131,1.012990034393048,0.007926452701741998,0.09354926568160549,-0.017934867468747225,-0.21167017687687673
night,2,53,55,0.0847302268851887,0.1330130409110676,1.5698416704501825,0.08473023094914177,0.1302499695257707,1.5372313761773124,0.08473022471774708,0.08371178805828094,0.9879802436160325,0.04930125285278667,0.58186142683415,0.0027630713852969083,0.0326102942728701
night,2,54,55,0.0847302268851887,0.10629303048957478,1.2544877359245614,0.08473023094914177,0.12637429454109886,1.4914900281217622,0.08473022471774708,0.08844588913700797,1.0438528804997094,0.017847141352566806,0.21063485542485205,-0.020081264051524075,-0.23700229219720081
night,2,55,55,0.0847302268851887,0.1222278887575323,1.4425535402277836,0.08473023094914177,0.1304604562846097,1.5397155752226963,0.08473022471774708,0.08311228616671129,0.9809048240291411,0.03911560259082101,0.46164871619864245,-0.008232567527077414,-0.09716203499491272
night,2,56,55,0.0847302268851887,0.12471137697046453,1.4718640744282574,0.08473023094914177,0.1283076690001921,1.5143080287035586,0.08473022471774708,0.08527585417032242,1.006439608231808,0.03943552280014211,0.4654244661964495,-0.003596292029727589,-0.04244395427530123
night,2,57,55,0.0847302268851887,0.08762802847407081,1.0342003284472339,0.08473023094914177,0.09456553594632582,1.1160778731157663,0.08473022471774708,0.09222918261181225,1.0885039301978208,-0.004601154137741436,-0.054303601750586905,-0.006937507472255014,-0.08187754466853248
night,2,58,55,0.0847302268851887,0.08880896920507604,1.0481379841625365,0.08473023094914177,0.11744619553739374,1.3861191480510577,0.08473022471774708,0.08853317241777073,1.0448830120856165,0.00027579678730531174,0.0032549720769199375,-0.0286372263323177,-0.3379811638885213
night,2,59,55,0.0847302268851887,0.10944975804198873,1.2917439509550177,0.08473023094914177,0.11219936229965903,1.3241951667404903,0.08473022471774708,0.08696376979351043,1.0263606650779427,0.02248598824847828,0.26538328587707505,-0.0027496042576703158,-0.03245121578547261
night,2,60,55,0.0847302268851887,0.10003263354301453,1.1806015069281108,0.08473023094914177,0.11407279128378088,1.3463056810532195,0.08473022471774708,0.09066266458142888,1.0700156276398878,0.009369968961585652,0.11058587928822305,-0.014040157740766352,-0.16570417412510863
night,2,61,55,0.0847302268851887,0.09835504483092915,1.1608023304859358,0.08473023094914177,0.11456653692505576,1.3521329476113768,0.08473022471774708,0.09143410894003781,1.0791203404053593,0.006920935890891335,0.08168199008057653,-0.016211492094126614,-0.19133061712544097
night,2,62,55,0.0847302268851887,0.10625947605479848,1.2540917209956532,0.08473023094914177,0.11431994221427223,1.349222596630137,0.08473022471774708,0.08907902240753174,1.0513252231334373,0.017180453647266735,0.2027664978622159,-0.008060466159473766,-0.09513087563448375
night,2,63,55,0.0847302268851887,0.13998489488254895,1.6521246316527807,0.08473023094914177,0.1359080284833908,1.604008710479827,0.08473022471774708,0.08447917699813842,0.9970370936646876,0.05550571788441051,0.655087537988093,0.004076866399158131,0.0481159211729536
winter2summer,1,0,586,0.056514590458925366,0.0341231372770011,0.6037934098062994,0.05651459193298968,0.06434406919059989,1.1385390390307295,0.056514590458925366,0.05625651460194582,0.9954334649710128,-0.02213337732494472,-0.39164005516471345,-0.030220931913598786,-0.5347456292244301
winter2summer,1,1,586,0.056514590458925366,0.05057721822633831,0.8949408960699746,0.05651459193298968,0.07268274323569783,1.2860880836205806,0.056514590458925366,0.05676525570857482,1.004435407699391,-0.006188037482236509,-0.10949451162941648,-0.022105525009359518,-0.39114718755060596
winter2summer,1,2,586,0.056514590458925366,0.07487119133536523,1.3248117119380238,0.05651459193298968,0.08210948266330534,1.4528899502745054,0.056514590458925366,0.055428597029757845,0.9807838397067247,0.01944259430560738,0.34402787223129916,-0.007238291327940116,-0.12807823833648158
winter2summer,1,3,586,0.056514590458925366,0.0495611491184032,0.8769620148698432,0.05651459193298968,0.07788756926013189,1.3781851128374865,0.056514590458925366,0.05646433795638599,0.9991108048004718,-0.006903188837982782,-0.12214878993062861,-0.028326420141728682,-0.5012230979676433
winter2summer,1,4,586,0.056514590458925366,0.05047408036054561,0.893115918396861,0.05651459193298968,0.06774659934270898,1.1987452625162238,0.056514590458925366,0.0574823869884955,1.017124719859264,-0.007008306627949889,-0.1240088014624029,-0.017272518982163372,-0.3056293441193628
winter2summer,1,5,586,0.056514590458925366,0.06720742939056752,1.1892049264590119,0.05651459193298968,0.08367433131802764,1.4805792354873892,0.056514590458925366,0.05650641478410582,0.9998553351487968,0.010701014606461704,0.18934959131021512,-0.01646690192746011,-0.29137430902837735
winter2summer,1,6,586,0.056514590458925366,0.06264840199262016,1.1085350081082659,0.05651459193298968,0.08307833452120983,1.4700333432419936,0.056514590458925366,0.05697101929821805,1.0080763009266502,0.005677382694402105,0.10045870718161565,-0.02042993252858967,-0.36149833513372776
winter2summer,1,7,586,0.056514590458925366,0.035624811242341695,0.6303648483170677,0.05651459193298968,0.06233489990064321,1.1029877022655452,0.056514590458925366,0.056696797786248726,1.0032240758686164,-0.02107198654390703,-0.37285922755154866,-0.026710088658301517,-0.4726228539484775
winter2summer,1,8,586,0.056514590458925366,0.06281200794617521,1.1114299411198385,0.05651459193298968,0.07336271120515038,1.298119807573552,0.056514590458925366,0.05649915500216221,0.999726876605885,0.006312852944013005,0.11170306451395351,-0.010550703258975171,-0.18668986645371355
winter2summer,1,9,586,0.056514590458925366,0.05661575155264743,1.0017899995894968,0.05651459193298968,0.08136990333910485,1.4398034305120089,0.056514590458925366,0.0558499026151196,0.9882386506137939,0.0007658489375278265,0.01355134897570287,-0.024754151786457422,-0.4380134309225121
winter2summer,1,10,586,0.056514590458925366,0.04182368365759632,0.740051079163241,0.05651459193298968,0.06466285484753956,1.1441798062385624,0.056514590458925366,0.056791627797879815,1.0049020498371264,-0.014967944140283494,-0.2648509706738854,-0.02283917118994324,-0.40412872707532144
winter2summer,1,11,586,0.056514590458925366,0.05779253284148854,1.022612609809001,0.05651459193298968,0.07469167058759785,1.321635139401892,0.056514590458925366,0.05572906211209277,0.9861004328182557,0.0020634707293957716,0.03651217699074527,-0.016899137746109315,-0.299022529592891
winter2summer,1,12,586,0.056514590458925366,0.05060766882146982,0.8954797055151859,0.05651459193298968,0.0779116529655093,1.3786112630502663,0.056514590458925366,0.05615763773566745,0.9936838837482622,-0.005549968914197626,-0.09820417823307637,-0.027303984144039475,-0.4831315575350804
winter2summer,1,13,586,0.056514590458925366,0.06290357533934504,1.1130501845370917,0.05651459193298968,0.08229150872601279,1.4561108186640936,0.056514590458925366,0.055547463239183324,0.982887123274034,0.007356112100161714,0.13016306126305766,-0.01938793338666775,-0.34306063412700194
winter2summer,1,14,586,0.056514590458925366,0.07479922055924762,1.3235382217555212,0.05651459193298968,0.08863787273733333,1.5684068433588403,0.056514590458925366,0.05603067560356632,0.9914373465076994,0.01876854495568131,0.3321008752478217,-0.013838652178085704,-0.24486862160331913
winter2summer,1,15,586,0.056514590458925366,0.03770572839683328,0.6671857318728638,0.05651459193298968,0.06780473152715903,1.1997738850800916,0.056514590458925366,0.055661516859467894,0.9849052502631602,-0.01795578846263461,-0.31771951839029644,-0.03009900313032575,-0.5325881532072279
winter2summer,1,16,586,0.056514590458925366,0.06669819111333454,1.1801941865226926,0.05651459193298968,0.0799185762264521,1.4141228573536004,0.056514590458925366,0.05715764433530131,1.0113785461622218,0.009540546778033237,0.1688156403604708,-0.013220385113117562,-0.23392867083090785
winter2summer,1,17,586,0.056514590458925366,0.07251634683107175,1.2831438083900901,0.05651459193298968,0.07158679258930195,1.266695735398455,0.056514590458925366,0.05675920462132505,1.0043283364598998,0.015757142209746708,0.2788154719301903,0.0009295542417698041,0.0164480729916352
winter2summer,1,18,586,0.056514590458925366,0.07295323376791749,1.2908743242320702,0.05651459193298968,0.08092428099283783,1.4319183457750368,0.056514590458925366,0.055845264461028166,0.9881565805845542,0.017107969306889324,0.3027177436475159,-0.007971047224920345,-0.1410440215429667
winter2summer,1,19,586,0.056514590458925366,0.045696942019695375,0.8085866260131137,0.05651459193298968,0.07297790878048682,1.2913109036869268,0.056514590458925366,0.05657046273123845,1.0009886344722552,-0.010873520711543077,-0.19240200845914146,-0.027280966760791444,-0.4827242776738131
winter2summer,1,20,586,0.056514590458925366,0.06158284501792623,1.0896804615913205,0.05651459193298968,0.08593075390453785,1.5205056068780856,0.056514590458925366,0.05522233321738299,0.9771340952655122,0.0063605118005432395,0.11254636632580828,-0.024347908886611612,-0.4308251452867651
winter2summer,1,21,586,0.056514590458925366,0.05984762097818542,1.0589764606306842,0.05651459193298968,0.07773710058528434,1.3755226380729875,0.056514590458925366,0.056683928711115744,1.002996363431377,0.003163692267069676,0.05598009719930719,-0.017889479607098923,-0.3165461774423033
winter2summer,1,22,586,0.056514590458925366,0.04497793859364338,0.7958641870780822,0.05651459193298968,0.0613276864232737,1.0851655178894504,0.056514590458925366,0.05675272188667302,1.0042136274157507,-0.01177478329302964,-0.20834944033766856,-0.016349747829630324,-0.2893013308113682
winter2summer,1,23,586,0.056514590458925366,0.05865241829900877,1.0378278922792012,0.05651459193298968,0.07087410041433044,1.2540849715126152,0.056514590458925366,0.05768646272980058,1.0207357473770764,0.0009659555692081864,0.01709214490212485,-0.01222168211532167,-0.21625707923341397
winter2summer,1,24,586,0.056514590458925366,0.07560432465816927,1.3377841729759727,0.05651459193298968,0.09035758711413541,1.5988364070871102,0.056514590458925366,0.05570449626133634,0.9856657512509481,0.019899828396832932,0.3521184217250246,-0.014753262455966133,-0.2610522341111374
winter2summer,1,25,586,0.056514590458925366,0.0543141730318248,0.9610646134169578,0.05651459193298968,0.07733369964721641,1.3683846419507426,0.056514590458925366,0.05593922317728127,0.9898191373772358,-0.0016250501454564657,-0.028754523960278,-0.023019526615391608,-0.4073200285337848
winter2summer,1,26,586,0.056514590458925366,0.05880754337758907,1.040572760061496,0.05651459193298968,0.08401304883675796,1.486572687924097,0.056514590458925366,0.05572647256291958,0.9860546119222329,0.003081070814669488,0.054518148139263145,-0.025205505459168893,-0.445999927862601
winter2summer,1,27,586,0.056514590458925366,0.07646796075506422,1.3530658213057547,0.05651459193298968,0.08696397577663534,1.538787997969622,0.056514590458925366,0.05681234401843031,1.0052686139470717,0.019655616736633914,0.347797207358683,-0.01049601502157112,-0.18572217666386726
winter2summer,1,28,586,0.056514590458925366,0.05684959240952656,1.0059277073032082,0.05651459193298968,0.0763245507520099,1.3505282112362986,0.056514590458925366,0.05720987724125983,1.0123027837004286,-0.00036028483173326803,-0.006375076397220347,-0.019474958342483344,-0.3446005039330904
winter2summer,1,29,586,0.056514590458925366,0.0751186459811576,1.3291903094609454,0.05651459193298968,0.0918644319936862,1.6254993418799064,0.056514590458925366,0.05555358097937003,0.9829953739069595,0.019565065001787573,0.34619493555398595,-0.0167457860125286,-0.296309032418961
winter2summer,1,30,586,0.056514590458925366,0.04282532093244678,0.7577745956342388,0.05651459193298968,0.07169223496207248,1.268561490226793,0.056514590458925366,0.05665890835964601,1.0025536396804562,-0.01383358742719923,-0.24477904404621742,-0.028866914029625712,-0.5107868945925542
winter2summer,1,31,586,0.056514590458925366,0.07402756883454455,1.3098841950973272,0.05651459193298968,0.08763940026188975,1.5507393270361978,0.056514590458925366,0.05648576060487609,0.9994898688318332,0.01754180822966846,0.310394326265494,-0.013611831427345199,-0.24085513193887054
winter2summer,1,32,586,0.056514590458925366,0.07443834665952943,1.3171527220679586,0.05651459193298968,0.08298600912602688,1.4683996873661374,0.056514590458925366,0.056517020566090974,1.0000429996421432,0.01792132609343846,0.3171097224258155,-0.00854766246649745,-0.15124696529817871
winter2summer,1,33,586,0.056514590458925366,0.04765499034608335,0.8432334014827348,0.05651459193298968,0.07496501257843353,1.3264718016069343,0.056514590458925366,0.05484576236715687,0.9704708451708342,-0.0071907720210735125,-0.1272374436880993,-0.027310022232350187,-0.4832384001241995
winter2summer,1,34,586,0.056514590458925366,0.06524953262168444,1.1545608327305776,0.05651459193298968,0.08293930858249678,1.467573342488951,0.056514590458925366,0.055664903505740264,0.984965175430181,0.009584629115944175,0.1695956573003966,-0.017689775960812337,-0.31301250975837336
winter2summer,1,35,586,0.056514590458925366,0.04536378213818604,0.8026915132855169,0.05651459193298968,0.07190937154335145,1.2724036232733595,0.056514590458925366,0.056711606458051976,1.003486108587654,-0.011347824319865937,-0.20079459530213717,-0.02654558940516541,-0.46971210998784263
winter2summer,1,36,586,0.056514590458925366,0.0890035882032772,1.574878053269531,0.05651459193298968,0.09011775958780899,1.59459276808834,0.056514590458925366,0.05705249623324779,1.0095179982718512,0.031951091970029405,0.5653600549976798,-0.0011141713845317885,-0.019714714818809043
winter2summer,1,37,586,0.056514590458925366,0.035622304580579654,0.6303204940761242,0.05651459193298968,0.06080170008020139,1.0758584287805706,0.056514590458925366,0.05675932036914605,1.0043303845650011,-0.021137015788566398,-0.3740098904888769,-0.02517939549962173,-0.44553793470444636
winter2summer,1,38,586,0.056514590458925366,0.08563780299367608,1.5153220132757996,0.05651459193298968,0.08285455885518075,1.4660737346103963,0.056514590458925366,0.05620225705643448,0.9944734023558414,0.029435545937241604,0.5208486109199583,0.0027832441384953352,0.04924827866540338
winter2summer,1,39,586,0.056514590458925366,0.059701939906393345,1.0563987002574944,0.05651459193298968,0.07081242513432845,1.2529936554844445,0.056514590458925366,0.05719434207586616,1.0120278960074007,0.0025075978305271855,0.044370804250093654,-0.0111104852279351,-0.19659495522695014
winter2summer,1,40,586,0.056514590458925366,0.042563472200604635,0.7531413012988147,0.05651459193298968,0.0604313771040163,1.0693057321491555,0.056514590458925366,0.0561585416043902,0.9936998772946263,-0.013595069403785564,-0.24055857599581154,-0.017867904903411662,-0.31616443085034074
winter2summer,1,41,586,0.056514590458925366,0.06909946978661159,1.222683721592796,0.05651459193298968,0.08216082887468167,1.4537984981312644,0.056514590458925366,0.056583500145410054,1.0012193255922959,0.01251596964120153,0.22146439600050005,-0.01306135908807008,-0.23111477653846846
winter2summer,1,42,586,0.056514590458925366,0.04545850095912175,0.8043675197851935,0.05651459193298968,0.07621010061339141,1.3485030680882388,0.056514590458925366,0.05523772294626733,0.9774064095255887,-0.009779221987145578,-0.17303888974039516,-0.03075159965426966,-0.5441355483030453
winter2summer,1,43,586,0.056514590458925366,0.07682136385487043,1.359319128583334,0.05651459193298968,0.08268096694983415,1.4630021047992416,0.056514590458925366,0.056296053432315946,0.9961330866094082,0.020525310422554486,0.3631860419739257,-0.005859603094963719,-0.10368297621590772
winter2summer,1,44,586,0.056514590458925366,0.0616066326970073,1.0901013737644054,0.05651459193298968,0.08320872841161317,1.472340603826268,0.056514590458925366,0.05611734754948657,0.9929709672101843,0.005489285147520726,0.09713040655422112,-0.021602095714605866,-0.38223923006186267
winter2summer,1,45,586,0.056514590458925366,0.045258270136363576,0.8008245263540775,0.05651459193298968,0.06570905121917432,1.1626917751982828,0.056514590458925366,0.056077928258083866,0.992273460759503,-0.010819658121720288,-0.19144893440542543,-0.020450781082810753,-0.3618672488442053
winter2summer,1,46,586,0.056514590458925366,0.07993699532596604,1.4144488118349545,0.05651459193298968,0.08863242106184796,1.5683103784406853,0.056514590458925366,0.05556069586188421,0.9831212685203046,0.02437629946408183,0.43132754331464995,-0.008695425735881914,-0.1538615666057308
winter2summer,1,47,586,0.056514590458925366,0.04885581845971436,0.8644815093408952,0.05651459193298968,0.07040296758305752,1.2457484903462723,0.056514590458925366,0.05616382177110202,0.9937933074454767,-0.007308003311387662,-0.1293117981045815,-0.02154714912334316,-0.38126698100537715
winter2summer,1,48,586,0.056514590458925366,0.06525280949267886,1.1546188154739332,0.05651459193298968,0.07164951084728381,1.2678055064476068,0.056514590458925366,0.05733057446602999,1.0144384662523154,0.007922235026648872,0.14018034922161782,-0.006396701354604952,-0.11318669097367362
winter2summer,1,49,586,0.056514590458925366,0.07486695884496494,1.3247368199434804,0.05651459193298968,0.0907937821617458,1.6065546800621253,0.056514590458925366,0.05564903175921589,0.9846843320869757,0.019217927085749056,0.34005248785650466,-0.015926823316780858,-0.28181786011864496
winter2summer,1,50,586,0.056514590458925366,0.0364865747855741,0.6456133626606112,0.05651459193298968,0.06047749750271643,1.07012181162744,0.056514590458925366,0.05649580077487505,0.9996675250780774,-0.02000922598930095,-0.35405416241746623,-0.02399092271714233,-0.4245084489668288
winter2summer,1,51,586,0.056514590458925366,0.04195969526174418,0.7424577426999203,0.05651459193298968,0.06626372551624965,1.1725064846052446,0.056514590458925366,0.05670849393728211,1.0034310339468473,-0.014748798675537935,-0.26097329124692703,-0.024304030254505473,-0.4300487419053244
winter2summer,1,52,586,0.056514590458925366,0.052366375390745366,0.9265992191663335,0.05651459193298968,0.07111107666401428,1.2582781584680272,0.056514590458925366,0.05609591472488685,0.9925917231171867,-0.003729539334141481,-0.06599250395085321,-0.01874470127326891,-0.3316789393016937
winter2summer,1,53,586,0.056514590458925366,0.05588636034205651,0.9888837535268798,0.05651459193298968,0.07920115549393862,1.4014284237927224,0.056514590458925366,0.056805092725170134,1.0051403056075563,-0.0009187323831136215,-0.016256552080676445,-0.023314795151882114,-0.4125446702658425
winter2summer,1,54,586,0.056514590458925366,0.06621041778795288,1.17156325915649,0.05651459193298968,0.08239563249541071,1.4579532414054874,0.056514590458925366,0.05567044086866367,0.9850631565511347,0.010539976919289209,0.1865001026053552,-0.01618521470745784,-0.2863899822489975
winter2summer,1,55,586,0.056514590458925366,0.06733273080655028,1.191422078082429,0.05651459193298968,0.07224686221305421,1.2783753671745264,0.056514590458925366,0.05641535885251404,0.9982441418117778,0.010917371954036234,0.19317793627065116,-0.004914131406503936,-0.08695328909209743
winter2summer,1,56,586,0.056514590458925366,0.06888695724893348,1.2189234087965357,0.05651459193298968,0.0849002407332914,1.502271145016124,0.056514590458925366,0.05588219468746058,0.9888100441615265,0.013004762561472908,0.2301133646350092,-0.01601328348435792,-0.2833477362195882
winter2summer,1,57,586,0.056514590458925366,0.08174407175891482,1.4464242082462966,0.05651459193298968,0.08034120567950322,1.4216010933028616,0.056514590458925366,0.05537009275790126,0.9797486331984318,0.02637397900101357,0.46667557504786483,0.0014028660794116125,0.024823114943435032
winter2summer,1,58,586,0.056514590458925366,0.08343085669157486,1.4762711012161036,0.05651459193298968,0.08790348853547215,1.555412248923266,0.056514590458925366,0.05613627582120967,0.9933058943780074,0.027294580870365195,0.4829652068380962,-0.004472631843897288,-0.07914114770716241
winter2summer,1,59,586,0.056514590458925366,0.08479658210309979,1.5004369918371732,0.05651459193298968,0.0836923794197904,1.4808985884393517,0.056514590458925366,0.056042565142897946,0.9916477265039992,0.028754016960201842,0.5087892653331739,0.0011042026833093918,0.019538403397821424
winter2summer,1,60,586,0.056514590458925366,0.050354232614082776,0.8909952669776503,0.05651459193298968,0.07252386637960176,1.2832768299131407,0.056514590458925366,0.056718893488233356,1.0036150492757525,-0.006364660874150579,-0.11261978229810221,-0.022169633765518983,-0.39228156293549044
winter2summer,1,61,586,0.056514590458925366,0.042259620818238565,0.7477647891468439,0.05651459193298968,0.07096815187128025,1.25574916926638,0.056514590458925366,0.05618325009570162,0.9941370828217437,-0.01392362927746305,-0.24637229367489988,-0.02870853105304169,-0.5079843801195362
winter2summer,1,62,586,0.056514590458925366,0.06809126883544546,1.2048440638516877,0.05651459193298968,0.08869867570183332,1.569482724160954,0.056514590458925366,0.05588483170180267,0.9888567049321466,0.01220643713364279,0.21598735891954113,-0.020607406866387862,-0.36463866030926617
winter2summer,1,63,586,0.056514590458925366,0.033790818153349715,0.5979131739069892,0.05651459193298968,0.05879591303677282,1.0403669393293709,0.056514590458925366,0.056962681307362824,1.0079287639669463,-0.02317186315401311,-0.41001559005995714,-0.025005094883423108,-0.4424537654223817
winter2summer,2,0,586,0.056514590458925366,0.057689965974945086,1.0207977357081615,0.05651459193298968,0.0731042410054724,1.2935462949489815,0.056514590458925366,0.056051725839640555,0.9918098208705729,0.0016382401353045274,0.028987914837588558,-0.015414275030527322,-0.2727485592408201
winter2summer,2,1,586,0.056514590458925366,0.05794477895010102,1.0253065355258146,0.05651459193298968,0.07635606092054384,1.3510857693368914,0.056514590458925366,0.056100469110406455,0.9926723108996092,0.00184430983969457,0.032634224626205466,-0.018411281970442818,-0.32577923381107676
winter2summer,2,2,586,0.056514590458925366,0.04371676549528814,0.7735483021337889,0.05651459193298968,0.07415091180093206,1.3120666586225032,0.056514590458925366,0.05748359773803897,1.0171461435223152,-0.01376683224275082,-0.24359784138852636,-0.030434146305643905,-0.5385183564887143
winter2summer,2,3,586,0.056514590458925366,0.062055553159630406,1.0980448173774202,0.05651459193298968,0.07440316079362413,1.3165300898190193,0.056514590458925366,0.05594607844404239,0.9899404382077904,0.0061094747155880135,0.10810437916962978,-0.012347607633993729,-0.2184852724415991
winter2summer,2,4,586,0.056514590458925366,0.05371651938344024,0.9504894036608342,0.05651459193298968,0.07570149721545978,1.3395035622874236,0.056514590458925366,0.05592037105001906,0.9894855575510508,-0.0022038516665788196,-0.0389961538902166,-0.021984977832019532,-0.3890141586265894
winter2summer,2,5,586,0.056514590458925366,0.047711153241817766,0.8442271784043819,0.05651459193298968,0.07048380016841935,1.2471787861795622,0.056514590458925366,0.05689823651946954,1.0067884427265381,-0.009187083277651775,-0.16256126432215623,-0.022772646926601588,-0.40295160777518035
winter2summer,2,6,586,0.056514590458925366,0.05769899640126637,1.0209575249988199,0.05651459193298968,0.07571810449603882,1.3397974205638619,0.056514590458925366,0.05570633241181848,0.9856982410994498,0.001992663989447887,0.03525928389937005,-0.018019108094772446,-0.318839895565042
winter2summer,2,7,586,0.056514590458925366,0.052085998503065355,0.9216380775318773,0.05651459193298968,0.07422510049871643,1.3133793938869167,0.056514590458925366,0.055850748801739,0.9882536235015479,-0.0037647502986736495,-0.06661554596967056,-0.022139101995651073,-0.3917413163550394
winter2summer,2,8,586,0.056514590458925366,0.05695034215088228,1.0077104281994862,0.05651459193298968,0.07716307332643876,1.3653654868097136,0.056514590458925366,0.05738166033102791,1.015342407421898,-0.0004313181801456239,-0.007631979222411767,-0.020212731175556484,-0.3576550586102274
winter2summer,2,9,586,0.056514590458925366,0.06825992803259374,1.207828411712633,0.05651459193298968,0.07952706069040268,1.407195168014294,0.056514590458925366,0.056113376870787934,0.9929007078547436,0.01214655116180581,0.2149277038578894,-0.011267132657808935,-0.199366756301661
winter2summer,2,10,586,0.056514590458925366,0.05818401062747351,1.0295396313587635,0.05651459193298968,0.07408629372118378,1.3109232710912815,0.056514590458925366,0.05573735778905776,0.9862472210528977,0.00244665283841576,0.043292410305865725,-0.01590228309371026,-0.281383639732518
winter2summer,2,11,586,0.056514590458925366,0.06765890510040797,1.1971935840105263,0.05651459193298968,0.07831646945190841,1.3857743066564046,0.056514590458925366,0.05725376454357586,1.0130793495741195,0.010405140556832108,0.18411423443640684,-0.010657564351500453,-0.18858072264587822
winter2summer,2,12,586,0.056514590458925366,0.06742476772367176,1.193050629512672,0.05651459193298968,0.080102789466851,1.4173824268576554,0.056514590458925366,0.05720992893204665,1.012303698345415,0.010214838791625104,0.18074693116725693,-0.012678021743179238,-0.22433179734498343
winter2summer,2,13,586,0.056514590458925366,0.05404628017006315,0.9563243709488407,0.05651459193298968,0.07113596967798133,1.2587186290282069,0.056514590458925366,0.056556993423970636,1.0007503012001138,-0.0025107132539074826,-0.04442593025127306,-0.017089689507918178,-0.30239425807936615
winter2summer,2,14,586,0.056514590458925366,0.05441489798547668,0.9628468957060791,0.05651459193298968,0.07472965724324432,1.3223072959962723,0.056514590458925366,0.055658179779303395,0.984846202145897,-0.0012432817938267142,-0.021999306439817956,-0.020314759257767642,-0.3594604002901932
winter2summer,2,15,586,0.056514590458925366,0.06381607077398503,1.1291963766483692,0.05651459193298968,0.0782804681089907,1.3851372792677896,0.056514590458925366,0.05636241862474092,0.997307388535443,0.007453652149244106,0.13188898811292626,-0.014464397335005671,-0.2559409026194204
winter2summer,2,16,586,0.056514590458925366,0.05558225818839776,0.9835028040908264,0.05651459193298968,0.07619654348457022,1.3482631808598702,0.056514590458925366,0.057489198625187865,1.0172452486755759,-0.001906940436790103,-0.03374244458474951,-0.020614285296172465,-0.3647603767690438
winter2summer,2,17,586,0.056514590458925366,0.06964169756498238,1.232278195762522,0.05651459193298968,0.08236321545946619,1.45737963669853,0.056514590458925366,0.057854493821886885,1.0237089812043378,0.0117872037430955,0.2085692145581841,-0.012721517894483798,-0.22510144093600815
winter2summer,2,18,586,0.056514590458925366,0.05288259169526749,0.935733432124973,0.05651459193298968,0.07255375721895552,1.283805734720402,0.056514590458925366,0.05585342508330687,0.9883009790878865,-0.002970833388039383,-0.05256754696291355,-0.019671165523688038,-0.348072302595429
winter2summer,2,19,586,0.056514590458925366,0.051102910421863386,0.9042427806144119,0.05651459193298968,0.07269801706021632,1.286358346998517,0.056514590458925366,0.05626476455699182,0.9955794441770728,-0.0051618541351284315,-0.0913366635626609,-0.021595106638352936,-0.38211556638410504
winter2summer,2,20,586,0.056514590458925366,0.06203585964464637,1.0976963495777934,0.05651459193298968,0.07596889665150068,1.3442350736881954,0.056514590458925366,0.055693651692554,0.9854738615337215,0.006342207952092373,0.11222248804407187,-0.013933037006854306,-0.246538724110402
winter2summer,2,21,586,0.056514590458925366,0.07251210897712358,1.2830688214900037,0.05651459193298968,0.08044795638884802,1.4234899985518172,0.056514590458925366,0.05687541016711259,1.0063845407930447,0.01563669881001099,0.27668428069695894,-0.007935847411724444,-0.14042117706181356
winter2summer,2,22,586,0.056514590458925366,0.057645388460799946,1.0200089568497615,0.05651459193298968,0.07525962727691075,1.3316848746983325,0.056514590458925366,0.05633604812363096,0.996840774500097,0.0013093403371689848,0.023168182349664446,-0.01761423881611081,-0.31167591784857107
winter2summer,2,23,586,0.056514590458925366,0.056204352744993254,0.9945104846126843,0.05651459193298968,0.07343610309051674,1.299418443604639,0.056514590458925366,0.055710485269817756,0.9857717240348396,0.000493867475175499,0.008738760577844729,-0.017231750345523485,-0.30490795899195466
winter2summer,2,24,586,0.056514590458925366,0.06351576416686483,1.1238825876837573,0.05651459193298968,0.07531729418825701,1.3327052644662465,0.056514590458925366,0.056317707771930445,0.996516250309944,0.007198056394934381,0.1273663373738133,-0.011801530021392191,-0.20882267678248922
winter2summer,2,25,586,0.056514590458925366,0.06173151210810649,1.0923110582031514,0.05651459193298968,0.07480152791092623,1.3235790147723208,0.056514590458925366,0.05575889559067729,0.9866283226665631,0.005972616517429205,0.10568273553658836,-0.013070015802819746,-0.23126795656916932
winter2summer,2,26,586,0.056514590458925366,0.0673705258014542,1.1920908433445854,0.05651459193298968,0.07771838469901234,1.3751914689778588,0.056514590458925366,0.055656969821274854,0.9848247924883429,0.011713555980179341,0.2072660508562425,-0.010347858897558137,-0.18310062563327345
winter2summer,2,27,586,0.056514590458925366,0.04646795508982184,0.822229351968756,0.05651459193298968,0.07350333365206464,1.300608057813083,0.056514590458925366,0.05649804248102645,0.9997071910498768,-0.010030087391204605,-0.1774778390811208,-0.02703537856224279,-0.47837870584432696
winter2summer,2,28,586,0.056514590458925366,0.03947722208053438,0.6985315077037726,0.05651459193298968,0.06994567007071151,1.2376568188556911,0.056514590458925366,0.05564769865697053,0.984660743448457,-0.01617047657643615,-0.2861292357446844,-0.030468447990177134,-0.5391253111519185
winter2summer,2,29,586,0.056514590458925366,0.06694826946507206,1.1846192093301966,0.05651459193298968,0.08027117687941818,1.420361965536212,0.056514590458925366,0.05693833698294485,1.0074980022075442,0.010009932482127202,0.17712120712265245,-0.013322907414346132,-0.23574275620601548
winter2summer,2,30,586,0.056514590458925366,0.059666502587138744,1.0557716529947108,0.05651459193298968,0.07517378921970191,1.330166009317324,0.056514590458925366,0.05603508766003131,0.9915154158421698,0.0036314149271074337,0.06425623715254092,-0.015507286632563165,-0.2743943563226132
winter2summer,2,31,586,0.056514590458925366,0.05308915970154876,0.9393885591391448,0.05651459193298968,0.07158732518661805,1.2667051594657246,0.056514590458925366,0.05574793128396858,0.986434314241134,-0.002658771582419822,-0.04704575510198927,-0.018498165485069294,-0.32731660032657983
winter2summer,2,32,586,0.056514590458925366,0.05021062709186018,0.8884542325110383,0.05651459193298968,0.07070356795767722,1.2510674772545762,0.056514590458925366,0.05611271433668917,0.9928889846148973,-0.005902087244828985,-0.104434752103859,-0.020492940865817044,-0.36261324474353795
winter2summer,2,33,586,0.056514590458925366,0.05954715983643961,1.053659937246087,0.05651459193298968,0.07710257709684301,1.3642950335422197,0.056514590458925366,0.05538186302941285,0.9799569028048468,0.004165296807026756,0.07370303444124027,-0.017555417260403407,-0.3106350962961326
winter2summer,2,34,586,0.056514590458925366,0.049420419082152035,0.8744718608209794,0.05651459193298968,0.07311014910212657,1.2936508360321266,0.056514590458925366,0.05620907020831398,0.9945939579827011,-0.006788651126161943,-0.12012209716172173,-0.02368973001997454,-0.4191789752111472
winter2summer,2,35,586,0.056514590458925366,0.045667873360550365,0.8080722692972824,0.05651459193298968,0.07372697320394854,1.3045652579667897,0.056514590458925366,0.05723223685280582,1.012698426867342,-0.011564363492255453,-0.20462615757005964,-0.028059099843398168,-0.4964929886695073
winter2summer,2,36,586,0.056514590458925366,0.04877287671679183,0.8630138928855868,0.05651459193298968,0.06955797631935608,1.2307967542583012,0.056514590458925366,0.05646009265076458,0.9990356860464131,-0.007687215933972753,-0.1360217931608263,-0.020785099602564246,-0.3677828613727143
winter2summer,2,37,586,0.056514590458925366,0.045142817179227024,0.7987816387351632,0.05651459193298968,0.06976153542138255,1.2343986399848732,0.056514590458925366,0.0553002329471715,0.9785124955893211,-0.010157415767944475,-0.1797308568541579,-0.024618718242155526,-0.43561700124971003
winter2summer,2,38,586,0.056514590458925366,0.048710597529377606,0.8619118909616857,0.05651459193298968,0.07033680160545805,1.2445777134665963,0.056514590458925366,0.056824108921054994,1.0054767885534723,-0.008113511391677385,-0.1435648975917866,-0.021626204076080437,-0.38266582250491055
winter2summer,2,39,586,0.056514590458925366,0.0631176754673339,1.1168385890225576,0.05651459193298968,0.07897900226255783,1.3974975234043021,0.056514590458925366,0.0562415454042408,0.9951685918190804,0.006876130063093106,0.12166999720347726,-0.015861326795223934,-0.2806589343817445
winter2summer,2,40,586,0.056514590458925366,0.07373427519866396,1.3046944974723615,0.05651459193298968,0.08053810300334092,1.4250851018943274,0.056514590458925366,0.05749280537667751,1.0173090685044086,0.016241469821986446,0.28738542896795294,-0.006803827804676972,-0.12039060442196581
winter2summer,2,41,586,0.056514590458925366,0.05534295760579455,0.9792684890111278,0.05651459193298968,0.07263345865464417,1.2852160153747,0.056514590458925366,0.056256072505225456,0.9954256422704186,-0.0009131148994309072,-0.01615715325929079,-0.017290501048849615,-0.30594752636357225
winter2summer,2,42,586,0.056514590458925366,0.060234537763749936,1.065822777350359,0.05651459193298968,0.07850385716887438,1.3890900470794827,0.056514590458925366,0.05584591351677552,0.9881680653310965,0.004388624246974409,0.07765471201926255,-0.018269319405124457,-0.3232672697291237
winter2summer,2,43,586,0.056514590458925366,0.06729024148718696,1.1906702488818937,0.05651459193298968,0.07868797574573715,1.3923479415553213,0.056514590458925366,0.055864363882842445,0.9884945361754766,0.011425877604344518,0.2021757127064171,-0.011397734258550183,-0.2016776926734276
winter2summer,2,44,586,0.056514590458925366,0.06910886177844797,1.2228499086209619,0.05651459193298968,0.07630357874554197,1.3501571211204433,0.056514590458925366,0.05571243140183758,0.9858061599566789,0.013396430376610391,0.23704374866428302,-0.007194716967094003,-0.1273072124994814
winter2summer,2,45,586,0.056514590458925366,0.05495618902200057,0.9724247946544453,0.05651459193298968,0.0722660167530535,1.2787142980478485,0.056514590458925366,0.05587799090823737,0.988735660198216,-0.0009218018862367974,-0.016310865543770703,-0.01730982773105293,-0.3062895033934032
winter2summer,2,46,586,0.056514590458925366,0.06272371188070722,1.1098675823598971,0.05651459193298968,0.07702574974765092,1.3629356085412714,0.056514590458925366,0.05644216977573181,0.9987185489162097,0.006281542104975399,0.11114903344368743,-0.01430203786694371,-0.25306802618137425
winter2summer,2,47,586,0.056514590458925366,0.056169897164394376,0.9939008087693476,0.05651459193298968,0.07416349575646641,1.312289325992185,0.056514590458925366,0.056207740647994844,0.9945704320169578,-3.784348360046916e-05,-0.0006696232476102182,-0.017993598592072033,-0.31838851722283745
winter2summer,2,48,586,0.056514590458925366,0.041253679481242804,0.729965114251794,0.05651459193298968,0.0707780853408125,1.2523860284567796,0.056514590458925366,0.056702642895459315,1.003327502420293,-0.01544896341421651,-0.273362388168499,-0.02952440585956969,-0.5224209142049856
winter2summer,2,49,586,0.056514590458925366,0.05067430586632482,0.8966588177464498,0.05651459193298968,0.07252280294192708,1.2832580128671653,0.056514590458925366,0.055477237784416565,0.981644515759824,-0.004802931918091747,-0.08498569801337419,-0.02184849707560225,-0.3865991951207155
winter2summer,2,50,586,0.056514590458925366,0.04866620303912775,0.8611263506279533,0.05651459193298968,0.07187932067385433,1.2718718868054975,0.056514590458925366,0.05564348118573605,0.9845861172112282,-0.006977278146608304,-0.12345976658327495,-0.02321311763472658,-0.41074553617754417
winter2summer,2,51,586,0.056514590458925366,0.06633285825511177,1.1737297875903798,0.05651459193298968,0.07587824102074747,1.3426309635344726,0.056514590458925366,0.05590566698830883,0.9892253758600781,0.010427191266802945,0.18450441173030174,-0.009545382765635694,-0.16890117594409282
winter2summer,2,52,586,0.056514590458925366,0.06809246517422231,1.2048652325227713,0.05651459193298968,0.07829667194412684,1.385423998760613,0.056514590458925366,0.055874672704737845,0.9886769460949626,0.012217792469484465,0.21618828642780874,-0.010204206769904535,-0.18055876623784162
winter2summer,2,53,586,0.056514590458925366,0.06364788638374513,1.126220430279933,0.05651459193298968,0.07942885223143566,1.4054574140005436,0.056514590458925366,0.05700086849128173,1.0086044688355265,0.006647017892463404,0.11761596144440656,-0.015780965847690523,-0.27923698372061057
winter2summer,2,54,586,0.056514590458925366,0.05716760281064951,1.01155475685874,0.05651459193298968,0.07508501865179516,1.3285952544932953,0.056514590458925366,0.0563808790171271,0.9976340367909867,0.0007867237935224135,0.013920720067753245,-0.017917415841145652,-0.31704049763455533
winter2summer,2,55,586,0.056514590458925366,0.06874658804746034,1.216439639555119,0.05651459193298968,0.07929172284492696,1.4030309718761573,0.056514590458925366,0.05651013238046401,0.9999211163272147,0.012236455666996323,0.2165185232279042,-0.01054513479746662,-0.18659133232103842
winter2summer,2,56,586,0.056514590458925366,0.0555984884611853,0.9837899913933573,0.05651459193298968,0.07307414646314477,1.2930137857102468,0.056514590458925366,0.055287020766484604,0.9782787120552,0.0003114676947006956,0.0055112793381573155,-0.017475658001959462,-0.3092237943168895
winter2summer,2,57,586,0.056514590458925366,0.0656485717839787,1.1616216493985192,0.05651459193298968,0.07708019603587331,1.3638990108478288,0.056514590458925366,0.05670532717727782,1.0033749995674317,0.00894324460670089,0.1582466498310875,-0.011431624251894602,-0.20227736144930963
winter2summer,2,58,586,0.056514590458925366,0.06397402416344544,1.1319912901066065,0.05651459193298968,0.07488084665766628,1.32498252391973,0.056514590458925366,0.055590075194663226,0.983641122464931,0.00838394896878222,0.14835016764167552,-0.010906822494220834,-0.19299123381312344
winter2summer,2,59,586,0.056514590458925366,0.06494288241197498,1.1491347966004508,0.05651459193298968,0.07741509756365784,1.3698249410603593,0.056514590458925366,0.055643187843759004,0.9845809266582283,0.009299694568215975,0.16455386994222254,-0.012472215151682864,-0.22069014445990853
winter2summer,2,60,586,0.056514590458925366,0.06691822366674356,1.18408756258049,0.05651459193298968,0.07492706516627286,1.325800339408186,0.056514590458925366,0.05602761693143861,0.9913832246941489,0.010890606735304948,0.19270433788634123,-0.008008841499529299,-0.141712776827696
winter2summer,2,61,586,0.056514590458925366,0.05543552361540584,0.9809064024925777,0.05651459193298968,0.07349527092037067,1.300465391442891,0.056514590458925366,0.05582817411427656,0.9878541746640155,-0.00039265049887072525,-0.006947772171437827,-0.01805974730496484,-0.3195589889503133
winter2summer,2,62,586,0.056514590458925366,0.05828164538108138,1.0312672339621802,0.05651459193298968,0.07745895354687507,1.3706009527365866,0.056514590458925366,0.055727049823987074,0.9860648262945357,0.00255459555709431,0.045202407667644495,-0.01917730816579368,-0.3393337187744063
winter2summer,2,63,586,0.056514590458925366,0.04659831356761799,0.8245359860032163,0.05651459193298968,0.07282128257823174,1.2885394742755494,0.056514590458925366,0.05724091408933185,1.0128519666250502,-0.010642600521713863,-0.18831598062183386,-0.026222969010613745,-0.46400348827233306
summer2winter,1,0,402,0.04557386771787366,0.032400071499023624,0.7109353039684321,0.04557386897701251,0.04781205638772831,1.049111200364506,0.04557386771787366,0.04535776093389042,0.9952580986691528,-0.012957689434866797,-0.28432279470072075,-0.015411984888704688,-0.3381758963960739
summer2winter,1,1,402,0.04557386771787366,0.0429010761104494,0.9413525394866582,0.04557386897701251,0.056476190002213475,1.2392230738781493,0.04557386771787366,0.04534349872832608,0.994945151660735,-0.00244242261787668,-0.05359261217407685,-0.013575113891764076,-0.29787053439149114
summer2winter,1,2,402,0.04557386771787366,0.05833165007712903,1.2799363538384056,0.04557386897701251,0.05951920699868849,1.3059941658389815,0.04557386771787366,0.04523858290127437,0.9926430466978383,0.013093067175854664,0.28729330714056733,-0.00118755692155946,-0.026057812000575886
summer2winter,1,3,402,0.04557386771787366,0.04473708358023371,0.9816389483811188,0.04557386897701251,0.05554047900666738,1.2186913302156117,0.04557386771787366,0.04443303375523445,0.9749673657346448,0.0003040498249992654,0.006671582646473939,-0.010803395426433663,-0.23705238183449295
summer2winter,1,4,402,0.04557386771787366,0.044427717184481116,0.9748507074166314,0.04557386897701251,0.05559662387437599,1.2199232832836502,0.04557386771787366,0.04707783097470763,1.0330005622113159,-0.0026501137902265165,-0.058149854794684486,-0.011168906689894882,-0.2450725758670188
summer2winter,1,5,402,0.04557386771787366,0.05896970917081544,1.2939369012055137,0.04557386897701251,0.06363208970953872,1.396240677780392,0.04557386771787366,0.04497965554931475,0.9869615593691236,0.013990053621500693,0.3069753418363902,-0.004662380538723288,-0.10230377657487821
summer2winter,1,6,402,0.04557386771787366,0.05364723242494968,1.1771489915460855,0.04557386897701251,0.06034915125233802,1.3242051334895042,0.04557386771787366,0.044867693331898814,0.9845048396957126,0.008779539093050865,0.19264415185037298,-0.006701918827388343,-0.14705614194341865
summer2winter,1,7,402,0.04557386771787366,0.03434027761680802,0.7535080811967176,0.04557386897701251,0.05032649892092733,1.1042841007488755,0.04557386771787366,0.04562265876059731,1.0010705925383752,-0.011282381143789294,-0.24756251134165752,-0.01598622130411932,-0.35077601955215787
summer2winter,1,8,402,0.04557386771787366,0.05105155024130768,1.1201934967939033,0.04557386897701251,0.05594209847515402,1.2275038246889078,0.04557386771787366,0.04530926338172244,0.994193946017721,0.005742286859585241,0.1259995507761823,-0.004890548233846341,-0.1073103278950045
summer2winter,1,9,402,0.04557386771787366,0.04741693288087845,1.0404412716167595,0.04557386897701251,0.05870389051860504,1.2881041666270494,0.04557386771787366,0.045192716084884024,0.9916366187011126,0.002224216795994423,0.04880465291564684,-0.011286957637726594,-0.24766289501028993
summer2winter,1,10,402,0.04557386771787366,0.03922618618953176,0.8607166377091933,0.04557386897701251,0.05137262054874251,1.127238518517155,0.04557386771787366,0.04596758752699886,1.0086391572372688,-0.006741401337467097,-0.14792251952807556,-0.012146434359210753,-0.2665218808079617
summer2winter,1,11,402,0.04557386771787366,0.050391187951598894,1.1057035637955284,0.04557386897701251,0.05570280921181539,1.2222532442859289,0.04557386771787366,0.045053253481129825,0.9885764745716402,0.005337934470469067,0.11712708922388815,-0.005311621260216497,-0.11654968049040049
summer2winter,1,12,402,0.04557386771787366,0.04293206092393007,0.942032420634172,0.04557386897701251,0.05746107510191421,1.2608338153361,0.04557386771787366,0.04519176715869105,0.9916157969837448,-0.0022597062347609717,-0.04958337634957277,-0.014529014177984136,-0.31880139470192803
summer2winter,1,13,402,0.04557386771787366,0.05069712277406836,1.1124165078090444,0.04557386897701251,0.06037334602213794,1.3247360247731061,0.04557386771787366,0.04517783788241335,0.9913101552426504,0.00551928489165501,0.12110635256639402,-0.009676223248069578,-0.2123195169640617
summer2winter,1,14,402,0.04557386771787366,0.06042738262197902,1.3259217540204502,0.04557386897701251,0.06655010815642644,1.46026900173857,0.04557386771787366,0.045277309047975646,0.9934927912694647,0.01515007357400337,0.33242896275098555,-0.006122725534447427,-0.1343472477181198
summer2winter,1,15,402,0.04557386771787366,0.03618845708155078,0.7940615728640033,0.04557386897701251,0.04802765724346487,1.0538420002850766,0.04557386771787366,0.04457024906748044,0.9779781988966539,-0.00838179198592966,-0.1839166260326507,-0.011839200161914086,-0.2597804274210733
summer2winter,1,16,402,0.04557386771787366,0.05585393988740496,1.2255694476749348,0.04557386897701251,0.06424460460232635,1.4096807237219946,0.04557386771787366,0.04664453698104405,1.0234930524176356,0.00920940290636091,0.20207639525729926,-0.008390664714921395,-0.1841112760470598
summer2winter,1,17,402,0.04557386771787366,0.060474385961482476,1.3269531200610603,0.04557386897701251,0.05715683375517676,1.2541580304276272,0.04557386771787366,0.044728164116282075,0.9814432339421587,0.015746221845200407,0.34550988611890154,0.003317552206305722,0.07279508963343306
summer2winter,1,18,402,0.04557386771787366,0.06210089611950613,1.3626426553028925,0.04557386897701251,0.0655412715836544,1.4381327075108206,0.04557386771787366,0.04584134154749191,1.0058690175535256,0.016259554572014223,0.3567736377493669,-0.0034403754641482635,-0.07549005220792804
summer2winter,1,19,402,0.04557386771787366,0.041835073574239955,0.9179618862551053,0.04557386897701251,0.05669816199050688,1.2440936717289786,0.04557386771787366,0.045166836274250305,0.9910687535641457,-0.0033317627000103507,-0.07310686730904037,-0.014863088416266927,-0.3261317854738732
summer2winter,1,20,402,0.04557386771787366,0.05031637563161663,1.1040620020030252,0.04557386897701251,0.060580986676753885,1.3292921587875492,0.04557386771787366,0.04486864474509375,0.9845257159838701,0.005447730886522884,0.11953628601915511,-0.010264611045137251,-0.22523015678452407
summer2winter,1,21,402,0.04557386771787366,0.05340942206435758,1.1719308616725301,0.04557386897701251,0.06265768488470595,1.3748598986912988,0.04557386771787366,0.045086015948900646,0.9892953617192846,0.008323406115456934,0.18263549995324557,-0.009248262820348366,-0.20292903701876863
summer2winter,1,22,402,0.04557386771787366,0.039861451978656225,0.8746558932724274,0.04557386897701251,0.04941270829975346,1.0842333426788333,0.04557386771787366,0.04547876938285575,0.9979133143667634,-0.005617317404199521,-0.12325742109433602,-0.009551256321097228,-0.20957744940640588
summer2winter,1,23,402,0.04557386771787366,0.050675453717787915,1.1119410367251639,0.04557386897701251,0.05812159318717854,1.2753271664623234,0.04557386771787366,0.04610378778161972,1.0116277175996242,0.004571665936168191,0.10031331912553965,-0.007446139469390633,-0.1633861297371595
summer2winter,1,24,402,0.04557386771787366,0.06124762958147336,1.3439199402742945,0.04557386897701251,0.06505380635872594,1.4274365512293707,0.04557386771787366,0.04555112857485088,0.9995010486456066,0.01569650100662248,0.3444188916286879,-0.0038061767772525844,-0.08351661095507623
summer2winter,1,25,402,0.04557386771787366,0.04783249748824396,1.0495597561381538,0.04557386897701251,0.06208590668161627,1.362313713433732,0.04557386771787366,0.04552576057462309,0.9989444138568977,0.0023067369136208697,0.05061534228125608,-0.014253409193372308,-0.3127539572955782
summer2winter,1,26,402,0.04557386771787366,0.05038208081688157,1.1055037314097038,0.04557386897701251,0.06091999318404355,1.3367307747071382,0.04557386771787366,0.04429475804709769,0.9719332649426569,0.006087322769783882,0.13357046646704696,-0.010537912367161974,-0.23122704329743438
summer2winter,1,27,402,0.04557386771787366,0.06118024136600043,1.342441281146873,0.04557386897701251,0.06915136817170872,1.5173468859224728,0.04557386771787366,0.04597034276490892,1.0086996137674697,0.01520989860109151,0.33374166737940314,-0.007971126805708294,-0.1749056047755999
summer2winter,1,28,402,0.04557386771787366,0.047093572637149646,1.03334597205319,0.04557386897701251,0.06314091960579823,1.3854632275711891,0.04557386771787366,0.04658108868807628,1.0221008446427644,0.0005124839490733633,0.011245127410425493,-0.016047346968648592,-0.3521172555179992
summer2winter,1,29,402,0.04557386771787366,0.06186811680400475,1.3575349186292704,0.04557386897701251,0.06697200249477442,1.4695263754884438,0.04557386771787366,0.04539294876053985,0.9960302040095919,0.016475168043464904,0.3615047146196786,-0.005103885690769672,-0.11199145685917333
summer2winter,1,30,402,0.04557386771787366,0.03748735005548716,0.8225624010574148,0.04557386897701251,0.05202340853860398,1.1415183680113843,0.04557386771787366,0.04590984708884388,1.0073721934914568,-0.00842249703335672,-0.18480979243404194,-0.014536058483116818,-0.31895596695396944
summer2winter,1,31,402,0.04557386771787366,0.06189117971251705,1.3580409741752923,0.04557386897701251,0.06654574370025587,1.4601732351014918,0.04557386771787366,0.044759778229436324,0.9821369234343467,0.017131401483080726,0.3759040507409457,-0.004654563987738828,-0.10213226092619943
summer2winter,1,32,402,0.04557386771787366,0.06105326460813409,1.3396551064326179,0.04557386897701251,0.06766111412970581,1.4846471376795796,0.04557386771787366,0.045906828002267475,1.0073059474884822,0.01514643660586661,0.33234915894413564,-0.006607849521571724,-0.1449920312469617
summer2winter,1,33,402,0.04557386771787366,0.043471658810861964,0.9538724928938339,0.04557386897701251,0.05533810224928789,1.2142506987326545,0.04557386771787366,0.04460694146949557,0.9787833182304413,-0.0011352826586336045,-0.02491082533660738,-0.011866443438425925,-0.26037820583882054
summer2winter,1,34,402,0.04557386771787366,0.05352383653288105,1.174441389618759,0.04557386897701251,0.06360663867564825,1.395682221049336,0.04557386771787366,0.04584436897890392,1.0059354466622146,0.007679467553977127,0.16850594295654453,-0.010082802142767208,-0.22124083143057693
summer2winter,1,35,402,0.04557386771787366,0.0392948198430495,0.8622226247354123,0.04557386897701251,0.050350163286014354,1.1048033536808342,0.04557386771787366,0.04472198864023447,0.9813077291812762,-0.005427168797184968,-0.11908510444586384,-0.011055343442964854,-0.24258072894542182
summer2winter,1,36,402,0.04557386771787366,0.07096363205360759,1.557112345454417,0.04557386897701251,0.0709425116720058,1.5566488706014678,0.04557386771787366,0.046220924398880356,1.0141979760202124,0.024742707654727223,0.5429143694342045,2.1120381601784952e-05,0.000463474852949064
summer2winter,1,37,402,0.04557386771787366,0.03455203981660029,0.7581546519267507,0.04557386897701251,0.04839176924587042,1.061831490986189,0.04557386771787366,0.04609984372028923,1.0115411754313162,-0.01154780390368895,-0.2533865235045655,-0.013839729429270135,-0.3036768390594383
summer2winter,1,38,402,0.04557386771787366,0.07151351851730872,1.5691781737730757,0.04557386897701251,0.06507041578676867,1.4278010019204257,0.04557386771787366,0.04506864416498728,0.98891418310129,0.026444874352321436,0.5802639906717857,0.006443102730540049,0.14137717185264997
summer2winter,1,39,402,0.04557386771787366,0.05124519454501801,1.1244425174148673,0.04557386897701251,0.05891900515387678,1.2928242977043614,0.04557386771787366,0.0459199065773456,1.0075929228042286,0.005325287967672414,0.11684959461063871,-0.007673810608858771,-0.16838178028949402
summer2winter,1,40,402,0.04557386771787366,0.0354680995125583,0.7782551994955661,0.04557386897701251,0.04586178032730287,1.0063174656168774,0.04557386771787366,0.04540510813239962,0.9962970098013461,-0.009937008619841318,-0.21804181030577996,-0.010393680814744566,-0.2280622661213113
summer2winter,1,41,402,0.04557386771787366,0.05434397060484324,1.1924370988493047,0.04557386897701251,0.06445286538919888,1.4142504649256122,0.04557386771787366,0.04571860698769935,1.0031759268430256,0.008625363617143895,0.18926117200627912,-0.010108894784355638,-0.22181336607630753
summer2winter,1,42,402,0.04557386771787366,0.03960974300187545,0.8691327944136912,0.04557386897701251,0.05098719524905382,1.1187813629510321,0.04557386771787366,0.04459898788667289,0.9786087975408233,-0.004989244884797441,-0.10947600312713213,-0.011377452247178376,-0.24964856853734096
summer2winter,1,43,402,0.04557386771787366,0.06430278597770268,1.410957401635756,0.04557386897701251,0.06867412006046938,1.5068749176223912,0.04557386771787366,0.04638389970809546,1.017774045319926,0.017918886269607224,0.39318335631583,-0.0043713340827667,-0.09591751598663523
summer2winter,1,44,402,0.04557386771787366,0.05094565336004048,1.1178698651477426,0.04557386897701251,0.059372865539322146,1.3027830832021274,0.04557386771787366,0.045078741790221734,0.9891357492254769,0.005866911569818743,0.1287341159222657,-0.00842721217928167,-0.18491321805438488
summer2winter,1,45,402,0.04557386771787366,0.03990936217729966,0.8757071579783335,0.04557386897701251,0.05308581531205358,1.1648301209368488,0.04557386771787366,0.0459749037040796,1.0087996917156246,-0.00606554152677994,-0.13309253373729102,-0.013176453134753923,-0.28912296295851525
summer2winter,1,46,402,0.04557386771787366,0.06310592883090438,1.384695484297349,0.04557386897701251,0.06511264160291097,1.4287275376105073,0.04557386771787366,0.04539712286723398,0.9961217939251102,0.017708805963670398,0.38857369037223866,-0.0020067127720065953,-0.044032053313158404
summer2winter,1,47,402,0.04557386771787366,0.04469389632860875,0.9806913164642423,0.04557386897701251,0.05262057719183437,1.1546216806472196,0.04557386771787366,0.04511621667521621,0.9899580381131892,-0.0004223203466074606,-0.009266721648946818,-0.00792668086322562,-0.17393036418297725
summer2winter,1,48,402,0.04557386771787366,0.05704538006131625,1.2517125036316277,0.04557386897701251,0.05624231630449753,1.234091323974846,0.04557386771787366,0.045625142438339525,1.0011250903869577,0.011420237622976729,0.25058741324466993,0.000803063756818721,0.01762117965678156
summer2winter,1,49,402,0.04557386771787366,0.06157195733267054,1.3510364692729948,0.04557386897701251,0.06677064246877991,1.4651080535308307,0.04557386771787366,0.04563106736399938,1.0012550974712047,0.015940889968671164,0.34978137180179014,-0.005198685136109368,-0.11407158425783592
summer2winter,1,50,402,0.04557386771787366,0.03248736654875675,0.7128507668006308,0.04557386897701251,0.04608385213529135,1.0111902537512467,0.04557386771787366,0.04579542830600334,1.00486157087876,-0.013308061757246588,-0.2920108040781293,-0.013596485586534602,-0.29833948695061596
summer2winter,1,51,402,0.04557386771787366,0.039093067048917365,0.8577956843804464,0.04557386897701251,0.05013752537049743,1.100137567775666,0.04557386771787366,0.04520966103925968,0.9920084316549866,-0.006116593990342307,-0.13421274727454025,-0.011044458321580056,-0.24234188339521956
summer2winter,1,52,402,0.04557386771787366,0.0426246055774854,0.9352861126765508,0.04557386897701251,0.051911264728344696,1.1390576638232925,0.04557386771787366,0.04491033340226257,0.9854404651429034,-0.002285727824777161,-0.05015435246635258,-0.009286659150859295,-0.20377155114674173
summer2winter,1,53,402,0.04557386771787366,0.04572264052318196,1.0032644322889004,0.04557386897701251,0.06141331492672994,1.3475554370357903,0.04557386771787366,0.04584491274908037,1.0059473782845165,-0.00012227222589840787,-0.0026829459956161372,-0.01569067440354798,-0.3442910047468899
summer2winter,1,54,402,0.04557386771787366,0.05598463138579322,1.228437132708764,0.04557386897701251,0.061956771095723506,1.3594801689313352,0.04557386771787366,0.0443155299930078,0.9723890512726365,0.011669101392785411,0.25604808143612745,-0.005972139709930292,-0.13104303622257119
summer2winter,1,55,402,0.04557386771787366,0.05699506069681797,1.250608376046719,0.04557386897701251,0.05868110164770606,1.2876041241375589,0.04557386771787366,0.04552912985586297,0.9990183439709871,0.011465930840955,0.25159003207573194,-0.0016860409508880913,-0.03699574809083983
summer2winter,1,56,402,0.04557386771787366,0.057154506048771425,1.2541069896149268,0.04557386897701251,0.06700218855304903,1.4701887300120378,0.04557386771787366,0.04566884153193576,1.0020839533447117,0.011485664516835664,0.25202303627021516,-0.009847682504277602,-0.21608174039711092
summer2winter,1,57,402,0.04557386771787366,0.06716279059982122,1.473712764858897,0.04557386897701251,0.0606849287230138,1.331572896600535,0.04557386771787366,0.044124858214089006,0.9682052549773746,0.02303793238573221,0.5055075098815224,0.006477861876807416,0.1421398682583621
summer2winter,1,58,402,0.04557386771787366,0.06984890506496254,1.5326525608351744,0.04557386897701251,0.06595989553876389,1.4473183212080172,0.04557386771787366,0.0449590180224139,0.9865087225147094,0.024889887042548648,0.546143838320465,0.003889009526198665,0.08533423962715725
summer2winter,1,59,402,0.04557386771787366,0.07329775616341266,1.6083286285281848,0.04557386897701251,0.0664018888619557,1.4570167148953022,0.04557386771787366,0.045295294031352545,0.9938874249548968,0.02800246213206011,0.614441203573288,0.0068958673014569635,0.15131191363288266
summer2winter,1,60,402,0.04557386771787366,0.044851059666881105,0.984139857177207,0.04557386897701251,0.05703507453467887,1.2514863410751322,0.04557386771787366,0.0458606350495114,1.0062923632774154,-0.0010095753826302898,-0.02215250610020847,-0.012184014867797762,-0.26734648389792526
summer2winter,1,61,402,0.04557386771787366,0.04172582778933722,0.915564771628385,0.04557386897701251,0.05324695911953476,1.1683660025966318,0.04557386771787366,0.0449154864074616,0.9855535344402238,-0.003189658618124378,-0.06998876281183875,-0.011521131330197538,-0.2528012309682468
summer2winter,1,62,402,0.04557386771787366,0.05452617215437453,1.1964350379897615,0.04557386897701251,0.06437478649148495,1.4125372266277334,0.04557386771787366,0.0450975447134416,0.9895483304734909,0.009428627440932934,0.20688670751627058,-0.00984861433711042,-0.21610218863797193
summer2winter,1,63,402,0.04557386771787366,0.0329751499442891,0.7235539048040144,0.04557386897701251,0.0462089111308558,1.0139343480836267,0.04557386771787366,0.045770395233235624,1.0043122852020938,-0.012795245288946521,-0.28075838039807943,-0.013233761186566695,-0.2903804432796123
summer2winter,2,0,402,0.04557386771787366,0.055027024237791176,1.2074249343601373,0.04557386897701251,0.057162932997143166,1.2542918624261676,0.04557386771787366,0.045353199924059694,0.9951580191705471,0.009673824313731485,0.21226691518959018,-0.0021359087593519864,-0.04686692806603032
summer2winter,2,1,402,0.04557386771787366,0.045874203047634045,1.006590077708998,0.04557386897701251,0.056322016577185385,1.2358401391287241,0.04557386771787366,0.046196010384236035,1.0136513027644212,-0.00032180733660198935,-0.00706122505542317,-0.010447813529551344,-0.22925006141972615
summer2winter,2,2,402,0.04557386771787366,0.04115103349027071,0.9029524056421405,0.04557386897701251,0.05489869360187652,1.2046090190316616,0.04557386771787366,0.045920131867056464,1.0075978662010072,-0.004769098376785752,-0.1046454605588667,-0.013747660111605806,-0.3016566133895211
summer2winter,2,3,402,0.04557386771787366,0.06094140685927957,1.3372006790500885,0.04557386897701251,0.059920515967023316,1.314799847194173,0.04557386771787366,0.04554548467375079,0.999377207914444,0.015395922185528783,0.3378234711356446,0.0010208908922562552,0.02240083185591546
summer2winter,2,4,402,0.04557386771787366,0.04575719753053243,1.0040226959404386,0.04557386897701251,0.05540388224088119,1.2156940695297769,0.04557386771787366,0.04496208659665131,0.986576054395699,0.0007951109338811233,0.017446641544739627,-0.009646684710348756,-0.2116713735893383
summer2winter,2,5,402,0.04557386771787366,0.03897209857145686,0.8551413457535524,0.04557386897701251,0.05106333803746905,1.1204521183668963,0.04557386771787366,0.04602468134696359,1.0098919326286,-0.007052582775506733,-0.1547505868750476,-0.01209123946601219,-0.2653107726133439
summer2winter,2,6,402,0.04557386771787366,0.05532023910692527,1.2138587720793592,0.04557386897701251,0.058161707835640314,1.2762073780695933,0.04557386771787366,0.04522651160108065,0.9923781734097415,0.010093727505844623,0.22148059866961767,-0.0028414687287150442,-0.06234860599023406
summer2winter,2,7,402,0.04557386771787366,0.046242939903104296,1.0146810490031821,0.04557386897701251,0.05428996695835718,1.1912520963655966,0.04557386771787366,0.04554873930153655,0.9994486222566699,0.0006942006015677505,0.015232426746512262,-0.00804702705525288,-0.17657104736241447
summer2winter,2,8,402,0.04557386771787366,0.046145278648867166,1.0125381267732387,0.04557386897701251,0.05686083442962436,1.247663095233477,0.04557386771787366,0.04591084100000227,1.007394002286895,0.00023443764886489852,0.005144124486343715,-0.0107155557807572,-0.23512496846023834
summer2winter,2,9,402,0.04557386771787366,0.05493061559040804,1.2053094973298646,0.04557386897701251,0.061333586443308274,1.3458060028707455,0.04557386771787366,0.04626152914165709,1.0150889414969215,0.008669086448750946,0.19022055583294306,-0.006402970852900241,-0.1404965055408809
summer2winter,2,10,402,0.04557386771787366,0.04908606187505323,1.0770659663762119,0.04557386897701251,0.05558670532472075,1.219705646513328,0.04557386771787366,0.04492477922056297,0.98575744105528,0.004161282654490266,0.09130852532093192,-0.006500643449667517,-0.14263968013711614
summer2winter,2,11,402,0.04557386771787366,0.05620890230621531,1.233358174780735,0.04557386897701251,0.05849593172234423,1.283541051821815,0.04557386771787366,0.04616785349454082,1.013033473049605,0.010041048811674488,0.22032470173113006,-0.002287029416128919,-0.050182877041080154
summer2winter,2,12,402,0.04557386771787366,0.05054258524129788,1.1090255835687068,0.04557386897701251,0.05671198742895095,1.2443970350104907,0.04557386771787366,0.04674379734394247,1.02567106292824,0.0037987878973554097,0.08335452064046689,-0.006169402187653071,-0.13537145144178386
summer2winter,2,13,402,0.04557386771787366,0.04780018683152264,1.048850782808935,0.04557386897701251,0.0547108041007878,1.2004862727012262,0.04557386771787366,0.045189860376496964,0.9915739576075943,0.0026103264550256786,0.05727682520134081,-0.006910617269265155,-0.15163548989229114
summer2winter,2,14,402,0.04557386771787366,0.051996387528552124,1.1409254937596531,0.04557386897701251,0.05947749551144702,1.3050789157586666,0.04557386771787366,0.045988158158093824,1.0090905262372034,0.0060082293704583015,0.13183496752244972,-0.007481107982894897,-0.1641534219990135
summer2winter,2,15,402,0.04557386771787366,0.045751902496613636,1.0039065101922469,0.04557386897701251,0.055726745056998525,1.2227784541423754,0.04557386771787366,0.045938269125149395,1.0079958411590515,-0.0001863666285357591,-0.0040893309668046385,-0.009974842560384885,-0.21887194395012854
summer2winter,2,16,402,0.04557386771787366,0.04573357300091516,1.0035043170799145,0.04557386897701251,0.05449165348762841,1.1956775825882597,0.04557386771787366,0.04444371625567921,0.9752017654241969,0.0012898567452359554,0.0283025516557176,-0.008758080486713246,-0.19217326550834524
summer2winter,2,17,402,0.04557386771787366,0.054956003745545205,1.2058665743656414,0.04557386897701251,0.06024827670644209,1.321991703992289,0.04557386771787366,0.0464580968110382,1.0194021077745339,0.008497906934507006,0.1864644665911075,-0.005292272960896886,-0.11612512962664767
summer2winter,2,18,402,0.04557386771787366,0.041592808804053125,0.9126460159478808,0.04557386897701251,0.05281664761329482,1.158923935993575,0.04557386771787366,0.044726206332593416,0.9814002754708528,-0.0031333975285402875,-0.0687542595229721,-0.011223838809241694,-0.24627792004569427
summer2winter,2,19,402,0.04557386771787366,0.04627353185787797,1.0153523098881052,0.04557386897701251,0.05790886270178862,1.270659349352101,0.04557386771787366,0.04689965653493861,1.029090987521013,-0.0006261246770606446,-0.013738677632907814,-0.011635330843910649,-0.2553070394639958
summer2winter,2,20,402,0.04557386771787366,0.04024088719224937,0.882981612211668,0.04557386897701251,0.05123209537572195,1.12415505915382,0.04557386771787366,0.04545326401949837,0.9973536655014253,-0.005212376827248998,-0.1143720532897573,-0.010991208183472578,-0.24117344694215204
summer2winter,2,21,402,0.04557386771787366,0.05586397612701397,1.2257896668512211,0.04557386897701251,0.06143725651608252,1.3480807729330926,0.04557386771787366,0.046709624774156334,1.024921234759218,0.009154351352857639,0.2008684320920031,-0.005573280389068546,-0.12229110608187144
summer2winter,2,22,402,0.04557386771787366,0.06293309897656983,1.3809031826343772,0.04557386897701251,0.05960781439972013,1.3079384247535875,0.04557386771787366,0.045010604282878154,0.9876406488366886,0.01792249469369168,0.3932625337976886,0.003325284576849706,0.07296475788078971
summer2winter,2,23,402,0.04557386771787366,0.04527577423763957,0.9934591138483255,0.04557386897701251,0.055163597082835046,1.2104216368081366,0.04557386771787366,0.04467652957719653,0.9803102482713971,0.0005992446604430379,0.013148865576928404,-0.009887822845195472,-0.2169625229598111
summer2winter,2,24,402,0.04557386771787366,0.0593128480635171,1.3014661917811101,0.04557386897701251,0.06091598111126034,1.3366427402068146,0.04557386771787366,0.04617044006576252,1.0130902286279928,0.013142407997754584,0.2883759631531173,-0.0016031330477432417,-0.0351765484257045
summer2winter,2,25,402,0.04557386771787366,0.05919572518036854,1.2988962347198922,0.04557386897701251,0.062023708270167684,1.360948931095854,0.04557386771787366,0.046233587259622476,1.0144758295660319,0.012962137920746061,0.28442040515386036,-0.0028279830897991447,-0.06205269637596178
summer2winter,2,26,402,0.04557386771787366,0.062129726920703156,1.3632752722529284,0.04557386897701251,0.06163240367528144,1.3523627696908695,0.04557386771787366,0.046550468399203314,1.0214289620397226,0.015579258521499844,0.3418463102132059,0.0004973232454217192,0.01091250256205889
summer2winter,2,27,402,0.04557386771787366,0.042916797823156806,0.9416975115834909,0.04557386897701251,0.05742474707811886,1.2600366913567056,0.04557386771787366,0.04619238728979389,1.0135718033797174,-0.0032755894666370838,-0.07187429179622651,-0.014507949254962045,-0.3183391797732147
summer2winter,2,28,402,0.04557386771787366,0.03803563600785993,0.8345931103175318,0.04557386897701251,0.05114196568428636,1.122177397536347,0.04557386771787366,0.0455197693912697,0.9988129529198869,-0.0074841333834097645,-0.16421984260235511,-0.013106329676426429,-0.2875842872188151
summer2winter,2,29,402,0.04557386771787366,0.048993221382768036,1.075028823229619,0.04557386897701251,0.05755470860726316,1.2628883590351696,0.04557386771787366,0.04571170681758566,1.003024520555624,0.003281514565182377,0.07200430267399494,-0.008561487224495122,-0.1878595358055506
summer2winter,2,30,402,0.04557386771787366,0.04278453201546672,0.9387952824264466,0.04557386897701251,0.052831488663495164,1.1592495842330919,0.04557386771787366,0.04476929399699195,0.9823457222050487,-0.0019847619815252316,-0.04355043977860207,-0.010046956648028441,-0.22045430180664527
summer2winter,2,31,402,0.04557386771787366,0.04316714326318224,0.9471906911743739,0.04557386897701251,0.05342474236443815,1.1722669934252372,0.04557386771787366,0.04465806305255574,0.9799050484153061,-0.001490919789373504,-0.03271435724093219,-0.010257599101255913,-0.22507630225086328
summer2winter,2,32,402,0.04557386771787366,0.0405704188739779,0.8902123279316614,0.04557386897701251,0.05146355902549083,1.1292339268243625,0.04557386771787366,0.04513744486146027,0.9904238354507221,-0.004567025987482375,-0.10021150751906072,-0.010893140151512935,-0.23902159889270114
summer2winter,2,33,402,0.04557386771787366,0.05572046624005434,1.2226407156178514,0.04557386897701251,0.055723578208682144,1.222708965894231,0.04557386771787366,0.04522617213516056,0.9923707247129975,0.01049429410489378,0.2302699909048539,-3.1119686278018787e-06,-6.825027637957781e-05
summer2winter,2,34,402,0.04557386771787366,0.042968818870377706,0.9428389781700648,0.04557386897701251,0.057566380859190476,1.2631444762398163,0.04557386771787366,0.04627651144606779,1.0154176892017126,-0.0033076925756900907,-0.07257871103164781,-0.014597561988812773,-0.3203054980697515
summer2winter,2,35,402,0.04557386771787366,0.03931061202192225,0.8625691430289772,0.04557386897701251,0.05211181481327139,1.1434582137311322,0.04557386771787366,0.04448769576222038,0.9761667813147382,-0.005177083740298131,-0.11359763828576097,-0.012801202791349138,-0.28088907070215496
summer2winter,2,36,402,0.04557386771787366,0.04806962995372935,1.0547630113666406,0.04557386897701251,0.05477944750336476,1.2019924736035807,0.04557386771787366,0.045978412313609204,1.0088766790266714,0.002091217640120147,0.045886332339969194,-0.006709817549635411,-0.1472294622369401
summer2winter,2,37,402,0.04557386771787366,0.04300626599871604,0.9436606580101469,0.04557386897701251,0.05200012674235475,1.141007509557366,0.04557386771787366,0.04554328091809785,0.9993288522280981,-0.002537014919381811,-0.05566819421795122,-0.008993860743638702,-0.1973468515472191
summer2winter,2,38,402,0.04557386771787366,0.04264675711388167,0.9357721705317541,0.04557386897701251,0.05354043931801067,1.1748056621002816,0.04557386771787366,0.04579501395433474,1.0048524790090254,-0.0031482568404530707,-0.06908030847727131,-0.010893682204128998,-0.2390334915685275
summer2winter,2,39,402,0.04557386771787366,0.05496383070527571,1.206038316640819,0.04557386897701251,0.06041432440568188,1.3256351887998559,0.04557386771787366,0.0463800971449552,1.0176906079613988,0.008583733560320508,0.1883477086794203,-0.005450493700406167,-0.1195968721590368
summer2winter,2,40,402,0.04557386771787366,0.062215538959561,1.3651581942684365,0.04557386897701251,0.06262929816799823,1.3742370260376287,0.04557386771787366,0.04617428120841916,1.0131745125136709,0.016041257751141836,0.3519836817547657,-0.00041375920843722216,-0.009078831769192108
summer2winter,2,41,402,0.04557386771787366,0.04894110865992916,1.0738853450600352,0.04557386897701251,0.053373421578255684,1.1711408922770474,0.04557386771787366,0.045137037492973445,0.9904148968087496,0.003804071166955713,0.08347044825128558,-0.004432312918326526,-0.09725554721701224
summer2winter,2,42,402,0.04557386771787366,0.053427759458922516,1.172333228104944,0.04557386897701251,0.06434074479887326,1.4117902702385612,0.04557386771787366,0.04641100621101127,1.018368827028681,0.007016753247911249,0.15396440107626286,-0.010912985339950752,-0.2394570421336173
summer2winter,2,43,402,0.04557386771787366,0.0531564086156698,1.166379139570424,0.04557386897701251,0.05922691467326987,1.2995805711194712,0.04557386771787366,0.04572012440871392,1.0032092227007299,0.0074362842069558835,0.16316991686969406,-0.0060705060576000695,-0.1332014315490473
summer2winter,2,44,402,0.04557386771787366,0.0566616514335683,1.2432925768849352,0.04557386897701251,0.06061578367544866,1.3300556884038812,0.04557386771787366,0.04666572219613402,1.0239579068649498,0.00999592923743428,0.2193346700199854,-0.003954132241880364,-0.086763111518946
summer2winter,2,45,402,0.04557386771787366,0.05926905260728302,1.3005052143958857,0.04557386897701251,0.06021548951952834,1.3212722744672187,0.04557386771787366,0.0458860740842256,1.0068505567331845,0.013382978523057417,0.29365465766270127,-0.0009464369122453257,-0.020767060071333
summer2winter,2,46,402,0.04557386771787366,0.062262001288684074,1.3661776892432915,0.04557386897701251,0.0635577797170367,1.3946101383030545,0.04557386771787366,0.045522051565094264,0.9988630292890618,0.016739949723589814,0.36731465995422974,-0.001295778428352628,-0.028432449059762943
summer2winter,2,47,402,0.04557386771787366,0.044761257781299635,0.9821693883520156,0.04557386897701251,0.05346545428778995,1.1731603106762334,0.04557386771787366,0.044455227786408674,0.9754543560272313,0.0003060299948909649,0.00671503232478432,-0.00870419650649031,-0.19099092232421777
summer2winter,2,48,402,0.04557386771787366,0.03847701332314098,0.8442779875812612,0.04557386897701251,0.052468693564965654,1.1512889895617793,0.04557386771787366,0.046503423714306,1.0203966887819744,-0.008026410391165027,-0.17611870120071327,-0.01399168024182468,-0.3070110019805181
summer2winter,2,49,402,0.04557386771787366,0.047963952373444516,1.0524441917101868,0.04557386897701251,0.05394161324739567,1.1836083803770063,0.04557386771787366,0.04404179707160266,0.9663826942282949,0.003922155301841856,0.08606149748189185,-0.005977660873951159,-0.13116418866681956
summer2winter,2,50,402,0.04557386771787366,0.04175952376464187,0.9163041421710224,0.04557386897701251,0.052988910651997435,1.162703800257228,0.04557386771787366,0.04402352124800099,0.9659816788105383,-0.0022639974833591216,-0.04967753663951591,-0.011229386887355563,-0.24639965808620568
summer2winter,2,51,402,0.04557386771787366,0.06751423821186842,1.4814243686714776,0.04557386897701251,0.06432059503204435,1.41134813602259,0.04557386771787366,0.04584582489382346,1.0059673929286266,0.021668413318044956,0.47545697574285106,0.003193643179824066,0.07007623264888774
summer2winter,2,52,402,0.04557386771787366,0.05846031971127536,1.2827596743198462,0.04557386897701251,0.05918503576537492,1.2986616474284396,0.04557386771787366,0.04574028954178614,1.0036516941011617,0.012720030169489223,0.27910798021868444,-0.000724716054099561,-0.015901973108593426
summer2winter,2,53,402,0.04557386771787366,0.04738105947223598,1.0396541229625231,0.04557386897701251,0.057159676771397834,1.254220413022849,0.04557386771787366,0.045629816692767305,1.0012276547437229,0.001751242779468682,0.03842646821880025,-0.009778617299161851,-0.2145662900603258
summer2winter,2,54,402,0.04557386771787366,0.0564450042600864,1.2385388181119676,0.04557386897701251,0.059911523813576395,1.3146025377787391,0.04557386771787366,0.045498753791855674,0.9983518202474502,0.010946250468230717,0.24018699786451747,-0.0034665195534900016,-0.0760637196667715
summer2winter,2,55,402,0.04557386771787366,0.05319480206330877,1.167221583926401,0.04557386897701251,0.06000418163400458,1.3166356726103445,0.04557386771787366,0.04636921013232821,1.0174517207838962,0.006825591930980558,0.14976986314250484,-0.006809379570695817,-0.14941408868394346
summer2winter,2,56,402,0.04557386771787366,0.04053020425632003,0.8893299227360607,0.04557386897701251,0.05147622033692456,1.129511746366963,0.04557386771787366,0.04443026112684452,0.9749065276155917,-0.0039000568705244887,-0.085576604879531,-0.010946016080604533,-0.24018182363090235
summer2winter,2,57,402,0.04557386771787366,0.05550436070999733,1.217898841801154,0.04557386897701251,0.057947207835331485,1.2715007335576467,0.04557386771787366,0.04616935525914256,1.0130664253680481,0.009335005450854772,0.2048324164331059,-0.0024428471253341555,-0.05360189175649266
summer2winter,2,58,402,0.04557386771787366,0.055397898976375995,1.2155628159391316,0.04557386897701251,0.05984155731930152,1.313067305070931,0.04557386771787366,0.046810082960364166,1.0271255283870864,0.008587816016011829,0.18843728755204525,-0.004443658342925526,-0.09750448913179932
summer2winter,2,59,402,0.04557386771787366,0.043586371481576146,0.9563895641115834,0.04557386897701251,0.05398697581545297,1.184603743927996,0.04557386771787366,0.0455359057198969,0.9991670226847595,-0.0019495342383207522,-0.042777458573176164,-0.010400604333876823,-0.22821417981641257
summer2winter,2,60,402,0.04557386771787366,0.06392182228132266,1.4025981441169872,0.04557386897701251,0.0616931159852017,1.353694943396615,0.04557386771787366,0.0460433628125144,1.01030184880395,0.017878459468808266,0.39229629531303734,0.0022287062961209693,0.04890320072037224
summer2winter,2,61,402,0.04557386771787366,0.049549790519169204,1.087241285420597,0.04557386897701251,0.05743769054481788,1.2603207020626115,0.04557386771787366,0.04593621854802399,1.0079508465771103,0.0036135719711452127,0.07929043884348674,-0.007887900025648672,-0.17307941664201443
summer2winter,2,62,402,0.04557386771787366,0.04908670618347082,1.077080104048739,0.04557386897701251,0.05958149208605002,1.3073608500542924,0.04557386771787366,0.045265259001107505,0.9932283843303228,0.0038214471823633162,0.0838517197184162,-0.010494785902579198,-0.23028074600555337
summer2winter,2,63,402,0.04557386771787366,0.03855876513381502,0.8460718184489886,0.04557386897701251,0.05200286164378228,1.1410675198546905,0.04557386771787366,0.04502536114004084,0.9879644496879579,-0.006466596006225813,-0.14189263123896934,-0.013444096509967259,-0.29499570140570186
