_LR,batch_acc,effective_seg_weight,epoch,gradient_probe_step,loss,msls-val/R1,msls-val/R5,query_semantic_accuracy,query_semantic_entropy_norm,query_semantic_valid_confidence,query_semantic_valid_frac,seg_loss,seg_shared_grad_norm,seg_vpr_grad_cosine,step,vpr_loss,vpr_shared_grad_norm,weighted_seg_vpr_grad_ratio
,,,0,,,0.912162184715271,0.9513513445854187,,,,,,,,0,,,
9.999999747378752e-05,0.8999999761581421,0.00039999998989515007,0,0.0,0.08063513785600662,,,0.849865734577179,0.11428159475326538,0.8677738904953003,0.8610000610351562,0.45495274662971497,0.014748049899935722,-0.10545910149812698,19,0.08045315742492676,0.0004885430098511279,0.0006037564016878605
9.999999747378752e-05,0.84375,0.0007999999797903001,0,0.0,0.1402938812971115,,,0.8571549654006958,0.08979928493499756,0.8884341716766357,0.9209063053131104,0.43140798807144165,0.014748049899935722,-0.10545910149812698,39,0.1399487555027008,0.0004885430098511279,0.0006037564016878605
9.999999747378752e-05,0.6625000238418579,0.0012000000569969416,0,0.0,0.30656713247299194,,,0.836618185043335,0.10269547253847122,0.8571605682373047,0.8839531540870667,0.43032553791999817,0.014748049899935722,-0.10545910149812698,59,0.30605074763298035,0.0004885430098511279,0.0006037564016878605
9.999999747378752e-05,0.9624999761581421,0.0015999999595806003,0,0.0,0.03189154714345932,,,0.837358832359314,0.10502626746892929,0.8811850547790527,0.9186250567436218,0.45103558897972107,0.014748049899935722,-0.10545910149812698,79,0.031169891357421875,0.0004885430098511279,0.0006037564016878605
9.999999747378752e-05,0.893750011920929,0.0020000000949949026,0,0.0,0.08849731087684631,,,0.860979437828064,0.10111565887928009,0.8860822916030884,0.9227500557899475,0.3753352165222168,0.014748049899935722,-0.10545910149812698,99,0.08774664252996445,0.0004885430098511279,0.0006037564016878605
9.999999747378752e-05,0.862500011920929,0.002400000113993883,0,100.0,0.12096153199672699,,,0.8457373380661011,0.10643339902162552,0.8850790858268738,0.9061250686645508,0.46501049399375916,0.009682121686637402,-0.26401805877685547,119,0.11984550952911377,0.00021337541693355888,0.09165951609611511
9.999999747378752e-05,0.9125000238418579,0.00279999990016222,0,100.0,0.08329988270998001,,,0.8416501879692078,0.10900340229272842,0.8790807127952576,0.8999062776565552,0.439959317445755,0.009682121686637402,-0.26401805877685547,139,0.08206799626350403,0.00021337541693355888,0.09165951609611511
9.999999747378752e-05,0.9437500238418579,0.0031999999191612005,0,100.0,0.04448987916111946,,,0.8349890112876892,0.10110287368297577,0.8699872493743896,0.8839375376701355,0.46808961033821106,0.009682121686637402,-0.26401805877685547,159,0.042991992086172104,0.00021337541693355888,0.09165951609611511
9.999999747378752e-05,0.893750011920929,0.003599999938160181,0,100.0,0.09343647956848145,,,0.8313409686088562,0.10547633469104767,0.8608091473579407,0.8770469427108765,0.45229050517082214,0.009682121686637402,-0.26401805877685547,179,0.09180823713541031,0.00021337541693355888,0.09165951609611511
9.999999747378752e-05,0.918749988079071,0.004000000189989805,0,100.0,0.06830065697431564,,,0.8141722083091736,0.11389338225126266,0.880285382270813,0.9086875319480896,0.5575053691864014,0.009682121686637402,-0.26401805877685547,199,0.06607063859701157,0.00021337541693355888,0.09165951609611511
9.999999747378752e-05,0.8999999761581421,0.004399999976158142,0,200.0,0.09804065525531769,,,0.8539037704467773,0.10281049460172653,0.8802304267883301,0.9013750553131104,0.40496739745140076,0.00867624394595623,0.37744706869125366,219,0.09625879675149918,0.0005528762703761458,0.06308554112911224
9.999999747378752e-05,0.90625,0.004800000227987766,0,200.0,0.07984301447868347,,,0.8703794479370117,0.08206787705421448,0.9036896228790283,0.9261406660079956,0.3590255081653595,0.00867624394595623,0.37744706869125366,239,0.07811969518661499,0.0005528762703761458,0.06308554112911224
9.999999747378752e-05,0.9125000238418579,0.005200000014156103,0,200.0,0.08475476503372192,,,0.8714321851730347,0.08485285192728043,0.8987081050872803,0.9289844036102295,0.34823015332221985,0.00867624394595623,0.37744706869125366,259,0.08294396847486496,0.0005528762703761458,0.06308554112911224
9.999999747378752e-05,0.9125000238418579,0.00559999980032444,0,200.0,0.08017993718385696,,,0.8805044293403625,0.08262699097394943,0.9033063054084778,0.936750054359436,0.3521088659763336,0.00867624394595623,0.37744706869125366,279,0.07820812612771988,0.0005528762703761458,0.06308554112911224
9.999999747378752e-05,0.887499988079071,0.006000000052154064,0,200.0,0.09855683892965317,,,0.8073234558105469,0.12086018919944763,0.8861931562423706,0.8879843950271606,0.5334424376487732,0.00867624394595623,0.37744706869125366,299,0.09535618126392365,0.0005528762703761458,0.06308554112911224
9.999999747378752e-05,0.8999999761581421,0.006399999838322401,0,300.0,0.09276354312896729,,,0.8426010012626648,0.10212448239326477,0.8841177821159363,0.8958125710487366,0.4074293076992035,0.014174707233905792,-0.5617144107818604,319,0.09015599638223648,0.0002925984445028007,0.29163429141044617
9.999999747378752e-05,1.0,0.006800000090152025,0,300.0,0.002909933915361762,,,0.8357617259025574,0.11281195282936096,0.8978630900382996,0.914734423160553,0.42793145775794983,0.014174707233905792,-0.5617144107818604,339,0.0,0.0002925984445028007,0.29163429141044617
9.999999747378752e-05,0.981249988079071,0.007199999876320362,0,300.0,0.020810367539525032,,,0.8442213535308838,0.10339672863483429,0.8880491256713867,0.8918906450271606,0.40355971455574036,0.014174707233905792,-0.5617144107818604,359,0.0179047379642725,0.0002925984445028007,0.29163429141044617
9.999999747378752e-05,0.96875,0.007600000128149986,0,300.0,0.02655610628426075,,,0.8257481455802917,0.10666416585445404,0.8850664496421814,0.9043125510215759,0.48516371846199036,0.014174707233905792,-0.5617144107818604,379,0.022868862375617027,0.0002925984445028007,0.29163429141044617
9.999999747378752e-05,0.949999988079071,0.00800000037997961,0,300.0,0.03862188383936882,,,0.8313485383987427,0.1136574074625969,0.8926373720169067,0.8987656831741333,0.4275297522544861,0.014174707233905792,-0.5617144107818604,399,0.03520164638757706,0.0002925984445028007,0.29163429141044617
9.999999747378752e-05,0.949999988079071,0.00839999970048666,0,400.0,0.04151486977934837,,,0.8525140285491943,0.09271030873060226,0.8953131437301636,0.9080312848091125,0.39205220341682434,0.004609490279108286,0.24709104001522064,419,0.038221631199121475,0.0001801895850803703,0.20516230165958405
9.999999747378752e-05,0.925000011920929,0.008799999952316284,0,400.0,0.0734797939658165,,,0.8438880443572998,0.0991106703877449,0.883808434009552,0.8985937833786011,0.42676907777786255,0.004609490279108286,0.24709104001522064,439,0.06972422450780869,0.0001801895850803703,0.20516230165958405
9.999999747378752e-05,0.893750011920929,0.009200000204145908,0,400.0,0.09702850878238678,,,0.8320987820625305,0.10552933067083359,0.8709703683853149,0.8859375715255737,0.4424505829811096,0.004609490279108286,0.24709104001522064,459,0.09295796602964401,0.0001801895850803703,0.20516230165958405
9.999999747378752e-05,0.893750011920929,0.009600000455975533,0,400.0,0.09831314533948898,,,0.8452026844024658,0.10447828471660614,0.8725438714027405,0.8820000290870667,0.415127158164978,0.004609490279108286,0.24709104001522064,479,0.09432792663574219,0.0001801895850803703,0.20516230165958405
9.999999747378752e-05,0.90625,0.009999999776482582,0,400.0,0.0880473256111145,,,0.8211252689361572,0.11202055215835571,0.8638212084770203,0.8739531636238098,0.4729507267475128,0.004609490279108286,0.24709104001522064,499,0.0833178162574768,0.0001801895850803703,0.20516230165958405
9.999999747378752e-05,0.9125000238418579,0.010400000028312206,0,500.0,0.08875575661659241,,,0.8565443158149719,0.0995112732052803,0.8717541694641113,0.8763594031333923,0.35225269198417664,0.008820908144116402,0.6336881518363953,519,0.08509232848882675,0.0004612982738763094,0.19160161912441254
9.999999747378752e-05,0.831250011920929,0.01080000028014183,0,500.0,0.1332581341266632,,,0.8476503491401672,0.09521155059337616,0.8697534799575806,0.8850938081741333,0.43202313780784607,0.008820908144116402,0.6336881518363953,539,0.12859228253364563,0.0004612982738763094,0.19160161912441254
9.999999747378752e-05,0.90625,0.01119999960064888,0,500.0,0.08759190142154694,,,0.7822737097740173,0.12370976060628891,0.8535657525062561,0.8618906736373901,0.6675064563751221,0.008820908144116402,0.6336881518363953,559,0.08011583238840103,0.0004612982738763094,0.19160161912441254
9.999999747378752e-05,0.875,0.011599999852478504,0,500.0,0.11177901923656464,,,0.7598920464515686,0.15270410478115082,0.8322474956512451,0.8162344098091125,0.7299685478210449,0.008820908144116402,0.6336881518363953,579,0.10331138223409653,0.0004612982738763094,0.19160161912441254
9.999999747378752e-05,0.9125000238418579,0.012000000104308128,0,500.0,0.08075808733701706,,,0.7963945269584656,0.13141851127147675,0.8368532657623291,0.8572031855583191,0.5700599551200867,0.008820908144116402,0.6336881518363953,599,0.07391736656427383,0.0004612982738763094,0.19160161912441254
9.999999747378752e-05,0.925000011920929,0.012400000356137753,0,600.0,0.06497008353471756,,,0.7951333522796631,0.14162208139896393,0.8424599766731262,0.8546718955039978,0.5609240531921387,0.006237126886844635,-0.012597239576280117,619,0.058014627546072006,0.0008601917652413249,0.0871552973985672
9.999999747378752e-05,0.9125000238418579,0.012799999676644802,0,600.0,0.08517205715179443,,,0.8492127656936646,0.09150861948728561,0.8637983202934265,0.8911563158035278,0.3802131414413452,0.006237126886844635,-0.012597239576280117,639,0.08030533045530319,0.0008601917652413249,0.0871552973985672
9.999999747378752e-05,0.8687499761581421,0.013199999928474426,0,600.0,0.11518587172031403,,,0.8715035915374756,0.090694360435009,0.8768287897109985,0.8803750276565552,0.3061574101448059,0.006237126886844635,-0.012597239576280117,659,0.11114459484815598,0.0008601917652413249,0.0871552973985672
9.999999747378752e-05,0.8999999761581421,0.01360000018030405,0,600.0,0.0875505730509758,,,0.8650046586990356,0.08166338503360748,0.8749126195907593,0.8943594098091125,0.33742618560791016,0.006237126886844635,-0.012597239576280117,679,0.08296157419681549,0.0008601917652413249,0.0871552973985672
9.999999747378752e-05,0.918749988079071,0.014000000432133675,0,600.0,0.06636125594377518,,,0.8580650091171265,0.10044373571872711,0.8817797899246216,0.8665937781333923,0.3444606363773346,0.006237126886844635,-0.012597239576280117,699,0.061538804322481155,0.0008601917652413249,0.0871552973985672
9.999999747378752e-05,0.9125000238418579,0.014399999752640724,0,700.0,0.07651460915803909,,,0.8388277888298035,0.1144317239522934,0.8733567595481873,0.866406261920929,0.41142767667770386,0.010838601738214493,-0.04866953194141388,719,0.0705900490283966,0.00044907184201292694,0.3383806049823761
9.999999747378752e-05,0.887499988079071,0.014800000004470348,0,700.0,0.10486024618148804,,,0.8316144347190857,0.1057046502828598,0.8800862431526184,0.8756875395774841,0.42529842257499695,0.010838601738214493,-0.04866953194141388,739,0.09856583178043365,0.00044907184201292694,0.3383806049823761
9.999999747378752e-05,0.96875,0.015200000256299973,0,700.0,0.03902604058384895,,,0.8586256504058838,0.0930563360452652,0.887211263179779,0.8685938119888306,0.34890347719192505,0.010838601738214493,-0.04866953194141388,759,0.03372270613908768,0.00044907184201292694,0.3383806049823761
9.999999747378752e-05,0.956250011920929,0.015599999576807022,0,700.0,0.04502469673752785,,,0.8399662375450134,0.10851956158876419,0.8794845342636108,0.8708125352859497,0.4138324558734894,0.010838601738214493,-0.04866953194141388,779,0.03856891021132469,0.00044907184201292694,0.3383806049823761
9.999999747378752e-05,0.918749988079071,0.01600000075995922,0,700.0,0.08708295971155167,,,0.8727460503578186,0.0796034038066864,0.889095664024353,0.9064062833786011,0.34345772862434387,0.010838601738214493,-0.04866953194141388,799,0.08158763498067856,0.00044907184201292694,0.3383806049823761
9.999999747378752e-05,0.918749988079071,0.01640000008046627,0,800.0,0.07920856028795242,,,0.8488202691078186,0.0905693843960762,0.8791922330856323,0.8893594145774841,0.42240265011787415,0.021068939939141273,0.600509762763977,819,0.07228115946054459,0.0003598484618123621,0.9379626512527466
9.999999747378752e-05,0.9312499761581421,0.01679999940097332,0,800.0,0.05973038077354431,,,0.8753255009651184,0.08334733545780182,0.8884079456329346,0.8940781950950623,0.29616305232048035,0.021068939939141273,0.600509762763977,839,0.054754842072725296,0.0003598484618123621,0.9379626512527466
9.999999747378752e-05,0.9312499761581421,0.01720000058412552,0,800.0,0.06357312202453613,,,0.8622637987136841,0.0902104452252388,0.8767017722129822,0.8987969160079956,0.3821164071559906,0.021068939939141273,0.600509762763977,859,0.057000722736120224,0.0003598484618123621,0.9379626512527466
9.999999747378752e-05,0.824999988079071,0.01759999990463257,0,800.0,0.17258569598197937,,,0.8338296413421631,0.11034683138132095,0.8677663803100586,0.8710000514984131,0.44634267687797546,0.021068939939141273,0.600509762763977,879,0.16473007202148438,0.0003598484618123621,0.9379626512527466
9.999999747378752e-05,0.918749988079071,0.017999999225139618,0,800.0,0.08123598247766495,,,0.8615831732749939,0.09795458614826202,0.8823637962341309,0.8983281850814819,0.37756866216659546,0.021068939939141273,0.600509762763977,899,0.07443974912166595,0.0003598484618123621,0.9379626512527466
9.999999747378752e-05,0.9375,0.018400000408291817,0,900.0,0.060138553380966187,,,0.8296788334846497,0.10927634686231613,0.8752636313438416,0.886468768119812,0.5319918990135193,0.010473598726093769,0.49752312898635864,919,0.05034990236163139,0.0007212857017293572,0.26166364550590515
9.999999747378752e-05,0.8999999761581421,0.018799999728798866,0,900.0,0.08637948334217072,,,0.8555286526679993,0.09195338189601898,0.878101110458374,0.9043750166893005,0.38094285130500793,0.010473598726093769,0.49752312898635864,939,0.07921775430440903,0.0007212857017293572,0.26166364550590515
9.999999747378752e-05,0.90625,0.019200000911951065,0,900.0,0.08351722359657288,,,0.8537099361419678,0.09693051874637604,0.8864587545394897,0.911609411239624,0.42025792598724365,0.010473598726093769,0.49752312898635864,959,0.07544826716184616,0.0007212857017293572,0.26166364550590515
9.999999747378752e-05,0.9375,0.019600000232458115,0,900.0,0.06215349957346916,,,0.8445826172828674,0.09056480973958969,0.8877718448638916,0.9148750305175781,0.4556329846382141,0.010473598726093769,0.49752312898635864,979,0.05322309210896492,0.0007212857017293572,0.26166364550590515
9.999999747378752e-05,0.800000011920929,0.019999999552965164,0,900.0,0.18708881735801697,,,0.8410373330116272,0.10929050296545029,0.8623976707458496,0.8778594136238098,0.39162537455558777,0.010473598726093769,0.49752312898635864,999,0.17925630509853363,0.0007212857017293572,0.26166364550590515
9.999999747378752e-05,0.9125000238418579,0.019999999552965164,0,1000.0,0.07746901363134384,,,0.8624365329742432,0.09428001195192337,0.8734475374221802,0.9044687747955322,0.35257479548454285,0.005142702721059322,-0.10624482482671738,1019,0.07041751593351364,0.0006090064416639507,0.16888828575611115
9.999999747378752e-05,0.856249988079071,0.019999999552965164,0,1000.0,0.1468384563922882,,,0.8627558350563049,0.09858477115631104,0.868500828742981,0.8848281502723694,0.3543558120727539,0.005142702721059322,-0.10624482482671738,1039,0.1397513449192047,0.0006090064416639507,0.16888828575611115
9.999999747378752e-05,0.8374999761581421,0.019999999552965164,0,1000.0,0.13980455696582794,,,0.8714058995246887,0.08527468889951706,0.8728105425834656,0.8857812881469727,0.3340425193309784,0.005142702721059322,-0.10624482482671738,1059,0.1331237107515335,0.0006090064416639507,0.16888828575611115
9.999999747378752e-05,0.875,0.019999999552965164,0,1000.0,0.12366604804992676,,,0.8041070103645325,0.12338177859783173,0.8533917665481567,0.8392656445503235,0.5343241095542908,0.005142702721059322,-0.10624482482671738,1079,0.11297956854104996,0.0006090064416639507,0.16888828575611115
9.999999747378752e-05,0.887499988079071,0.019999999552965164,0,1000.0,0.1044505387544632,,,0.8369939923286438,0.10725518316030502,0.8602614402770996,0.8472656607627869,0.4195660650730133,0.005142702721059322,-0.10624482482671738,1099,0.09605921804904938,0.0006090064416639507,0.16888828575611115
9.999999747378752e-05,0.887499988079071,0.019999999552965164,0,1100.0,0.11628716439008713,,,0.8228135704994202,0.11492440104484558,0.8461093902587891,0.8396875262260437,0.4557400643825531,0.023571457713842392,0.1529087871313095,1119,0.10717236250638962,0.000654895615298301,0.7198538780212402
9.999999747378752e-05,0.7875000238418579,0.019999999552965164,0,1100.0,0.1873670369386673,,,0.8247514963150024,0.11354247480630875,0.8456498384475708,0.839343786239624,0.4696214199066162,0.023571457713842392,0.1529087871313095,1139,0.1779746115207672,0.000654895615298301,0.7198538780212402
9.999999747378752e-05,0.856249988079071,0.019999999552965164,0,1100.0,0.13174493610858917,,,0.7938132882118225,0.11547134071588516,0.8383592367172241,0.841015636920929,0.5405218601226807,0.023571457713842392,0.1529087871313095,1159,0.12093450129032135,0.000654895615298301,0.7198538780212402
9.999999747378752e-05,0.925000011920929,0.019999999552965164,0,1100.0,0.07226628065109253,,,0.8439825773239136,0.1078251376748085,0.8543189764022827,0.8585781455039978,0.4001532196998596,0.023571457713842392,0.1529087871313095,1179,0.06426321715116501,0.000654895615298301,0.7198538780212402
9.999999747378752e-05,0.7562500238418579,0.019999999552965164,0,1100.0,0.2253061830997467,,,0.8236501216888428,0.11389633268117905,0.8502936959266663,0.8527969121932983,0.44429516792297363,0.023571457713842392,0.1529087871313095,1199,0.2164202779531479,0.000654895615298301,0.7198538780212402
9.999999747378752e-05,0.9624999761581421,0.019999999552965164,0,1200.0,0.03714046999812126,,,0.857011616230011,0.09769626706838608,0.8757019639015198,0.8844687938690186,0.38328564167022705,0.017764713615179062,-0.47627487778663635,1219,0.029474755749106407,0.0006142740021459758,0.5783970355987549
9.999999747378752e-05,0.8999999761581421,0.019999999552965164,0,1200.0,0.09651066362857819,,,0.8626006841659546,0.09259495139122009,0.8826462626457214,0.9017969369888306,0.3449706435203552,0.017764713615179062,-0.47627487778663635,1239,0.0896112471818924,0.0006142740021459758,0.5783970355987549
9.999999747378752e-05,0.887499988079071,0.019999999552965164,0,1200.0,0.10555259883403778,,,0.8877416849136353,0.08296830952167511,0.8836217522621155,0.8898281455039978,0.2811446487903595,0.017764713615179062,-0.47627487778663635,1259,0.09992970526218414,0.0006142740021459758,0.5783970355987549
9.999999747378752e-05,0.9375,0.019999999552965164,0,1200.0,0.06903516501188278,,,0.850771963596344,0.09725630283355713,0.875079870223999,0.8895781636238098,0.37798649072647095,0.017764713615179062,-0.47627487778663635,1279,0.06147543340921402,0.0006142740021459758,0.5783970355987549
9.999999747378752e-05,0.925000011920929,0.019999999552965164,0,1200.0,0.06625322252511978,,,0.8744369149208069,0.08010046184062958,0.8836736679077148,0.9087812900543213,0.31975820660591125,0.017764713615179062,-0.47627487778663635,1299,0.059858061373233795,0.0006142740021459758,0.5783970355987549
9.999999747378752e-05,0.8687499761581421,0.019999999552965164,0,1300.0,0.11505880206823349,,,0.87619948387146,0.08401908725500107,0.8811705708503723,0.8906719088554382,0.3077254295349121,0.00916915200650692,0.3808993101119995,1319,0.10890429466962814,0.0004142049583606422,0.4427349865436554
9.999999747378752e-05,0.8125,0.019999999552965164,0,1300.0,0.16142435371875763,,,0.8960831165313721,0.07495470345020294,0.8894665241241455,0.8875781893730164,0.2554279565811157,0.00916915200650692,0.3808993101119995,1339,0.15631578862667084,0.0004142049583606422,0.4427349865436554
9.999999747378752e-05,0.887499988079071,0.019999999552965164,0,1300.0,0.099663645029068,,,0.8964313268661499,0.07322128117084503,0.8988246917724609,0.9308437705039978,0.2725389897823334,0.00916915200650692,0.3808993101119995,1359,0.09421286731958389,0.0004142049583606422,0.4427349865436554
9.999999747378752e-05,0.9312499761581421,0.019999999552965164,0,1300.0,0.06539173424243927,,,0.8696627616882324,0.0755939781665802,0.9030172824859619,0.926203191280365,0.33991125226020813,0.00916915200650692,0.3808993101119995,1379,0.0585935078561306,0.0004142049583606422,0.4427349865436554
9.999999747378752e-05,0.8687499761581421,0.019999999552965164,0,1300.0,0.11474718153476715,,,0.8672589063644409,0.08716238290071487,0.8909394145011902,0.9075469374656677,0.3519279360771179,0.00916915200650692,0.3808993101119995,1399,0.10770862549543381,0.0004142049583606422,0.4427349865436554
9.999999747378752e-05,0.925000011920929,0.019999999552965164,0,1400.0,0.09050573408603668,,,0.8678725361824036,0.08074616640806198,0.8880385160446167,0.9182656407356262,0.3554876446723938,0.005258110351860523,-0.08376859128475189,1419,0.08339598029851913,0.0007186173461377621,0.14633964002132416
9.999999747378752e-05,0.887499988079071,0.019999999552965164,0,1400.0,0.11740919202566147,,,0.8665381669998169,0.08758243173360825,0.8867146372795105,0.9077969193458557,0.34210488200187683,0.005258110351860523,-0.08376859128475189,1439,0.11056709289550781,0.0007186173461377621,0.14633964002132416
9.999999747378752e-05,0.918749988079071,0.019999999552965164,0,1400.0,0.08973981440067291,,,0.8932045698165894,0.08172360062599182,0.8925669193267822,0.9172031879425049,0.2851485013961792,0.005258110351860523,-0.08376859128475189,1459,0.08403684198856354,0.0007186173461377621,0.14633964002132416
9.999999747378752e-05,0.8812500238418579,0.019999999552965164,0,1400.0,0.11526301503181458,,,0.8744214773178101,0.08337472379207611,0.8929974436759949,0.9148906469345093,0.30585572123527527,0.005258110351860523,-0.08376859128475189,1479,0.10914590209722519,0.0007186173461377621,0.14633964002132416
9.999999747378752e-05,0.918749988079071,0.019999999552965164,0,1400.0,0.0767677053809166,,,0.8561174869537354,0.0851309597492218,0.8750159740447998,0.8968906402587891,0.3811652958393097,0.005258110351860523,-0.08376859128475189,1499,0.06914439797401428,0.0007186173461377621,0.14633964002132416
9.999999747378752e-05,0.918749988079071,0.019999999552965164,0,1500.0,0.07893814891576767,,,0.8455238342285156,0.10403917729854584,0.8592230677604675,0.8794844150543213,0.399126261472702,0.007882878184318542,0.441191703081131,1519,0.07095562666654587,0.0005055359797552228,0.31186220049858093
9.999999747378752e-05,0.875,0.019999999552965164,0,1500.0,0.12688319385051727,,,0.8593472838401794,0.08872095495462418,0.8690282106399536,0.8890469074249268,0.35759028792381287,0.007882878184318542,0.441191703081131,1539,0.11973138898611069,0.0005055359797552228,0.31186220049858093
9.999999747378752e-05,0.8687499761581421,0.019999999552965164,0,1500.0,0.14020198583602905,,,0.8202219009399414,0.10396850854158401,0.8578405976295471,0.8731250166893005,0.46551865339279175,0.007882878184318542,0.441191703081131,1559,0.1308916062116623,0.0005055359797552228,0.31186220049858093
,,,0,,,0.908108115196228,0.949999988079071,,,,,,,,1562,,,
9.999999747378752e-05,0.893750011920929,0.019999999552965164,1,,0.10120155662298203,,,0.8525778651237488,0.09812392294406891,0.8599262237548828,0.8600937724113464,0.41053101420402527,,,1579,0.0929909348487854,,
9.999999747378752e-05,0.8500000238418579,0.019999999552965164,1,,0.1293979287147522,,,0.8713132739067078,0.07565034180879593,0.8778694272041321,0.911734402179718,0.3728923499584198,,,1599,0.12194007635116577,,
9.999999747378752e-05,0.65625,0.019999999552965164,1,1600.0,0.3212731182575226,,,0.8486717343330383,0.09526348114013672,0.8511309623718262,0.8740313053131104,0.40048760175704956,0.006381123326718807,0.30232909321784973,1619,0.3132633566856384,0.00035756672150455415,0.3569192886352539
9.999999747378752e-05,0.8999999761581421,0.019999999552965164,1,1600.0,0.09204356372356415,,,0.885166585445404,0.08253065496683121,0.8883997201919556,0.9202187657356262,0.2947811484336853,0.006381123326718807,0.30232909321784973,1639,0.08614794164896011,0.00035756672150455415,0.3569192886352539
9.999999747378752e-05,0.925000011920929,0.019999999552965164,1,1600.0,0.06773032993078232,,,0.8499277234077454,0.08865225315093994,0.8726190328598022,0.9076875448226929,0.3766840994358063,0.006381123326718807,0.30232909321784973,1659,0.0601966492831707,0.00035756672150455415,0.3569192886352539
9.999999747378752e-05,0.84375,0.019999999552965164,1,1600.0,0.15414264798164368,,,0.8373624682426453,0.09787370264530182,0.8710346817970276,0.8919375538825989,0.4287596642971039,0.006381123326718807,0.30232909321784973,1679,0.14556746184825897,0.00035756672150455415,0.3569192886352539
9.999999747378752e-05,0.887499988079071,0.019999999552965164,1,1600.0,0.1110745519399643,,,0.8719888925552368,0.08860310912132263,0.8865082859992981,0.9126406908035278,0.33123818039894104,0.006381123326718807,0.30232909321784973,1699,0.1044497862458229,0.00035756672150455415,0.3569192886352539
9.999999747378752e-05,0.875,0.019999999552965164,1,1700.0,0.10837388783693314,,,0.8638443350791931,0.08491699397563934,0.8736425042152405,0.8946563005447388,0.35654643177986145,0.008171988651156425,-0.6312651634216309,1719,0.10124295949935913,0.00035290332743898034,0.4631289839744568
9.999999747378752e-05,0.862500011920929,0.019999999552965164,1,1700.0,0.1153070256114006,,,0.8682876229286194,0.0894370749592781,0.8767158389091492,0.8996875286102295,0.3761489689350128,0.008171988651156425,-0.6312651634216309,1739,0.10778404772281647,0.00035290332743898034,0.4631289839744568
9.999999747378752e-05,0.949999988079071,0.019999999552965164,1,1700.0,0.04532785341143608,,,0.8648087382316589,0.0874624252319336,0.876456081867218,0.887515664100647,0.3734649419784546,0.008171988651156425,-0.6312651634216309,1759,0.03785855323076248,0.00035290332743898034,0.4631289839744568
9.999999747378752e-05,0.981249988079071,0.019999999552965164,1,1700.0,0.024218566715717316,,,0.8602199554443359,0.091366246342659,0.8668196201324463,0.8878906965255737,0.3532440662384033,0.008171988651156425,-0.6312651634216309,1779,0.01715368591248989,0.00035290332743898034,0.4631289839744568
9.999999747378752e-05,0.9624999761581421,0.019999999552965164,1,1700.0,0.032117828726768494,,,0.9004498720169067,0.07332923263311386,0.8986093401908875,0.9272969365119934,0.25931453704833984,0.008171988651156425,-0.6312651634216309,1799,0.026931537315249443,0.00035290332743898034,0.4631289839744568
9.999999747378752e-05,0.887499988079071,0.019999999552965164,1,1800.0,0.10215736925601959,,,0.9176899790763855,0.06001678854227066,0.9155620336532593,0.9466875195503235,0.21147434413433075,0.005334603600203991,-0.4134671092033386,1819,0.09792788326740265,0.0003779260441660881,0.2823093831539154
9.999999747378752e-05,0.9375,0.019999999552965164,1,1800.0,0.06318115442991257,,,0.9140492081642151,0.05881373956799507,0.9096460938453674,0.9456719160079956,0.21283647418022156,0.005334603600203991,-0.4134671092033386,1839,0.05892442539334297,0.0003779260441660881,0.2823093831539154
9.999999747378752e-05,0.9937499761581421,0.019999999552965164,1,1800.0,0.011071940883994102,,,0.8733553290367126,0.08427915722131729,0.8920280337333679,0.9001563191413879,0.33838212490081787,0.005334603600203991,-0.4134671092033386,1859,0.004304299131035805,0.0003779260441660881,0.2823093831539154
9.999999747378752e-05,0.918749988079071,0.019999999552965164,1,1800.0,0.08030519634485245,,,0.8605867028236389,0.09523975104093552,0.8889150023460388,0.899640679359436,0.3697000741958618,0.005334603600203991,-0.4134671092033386,1879,0.07291119545698166,0.0003779260441660881,0.2823093831539154
9.999999747378752e-05,0.925000011920929,0.019999999552965164,1,1800.0,0.0669875293970108,,,0.8624237775802612,0.0872512012720108,0.8860281109809875,0.9020000696182251,0.36622190475463867,0.005334603600203991,-0.4134671092033386,1899,0.05966309458017349,0.0003779260441660881,0.2823093831539154
9.999999747378752e-05,0.949999988079071,0.019999999552965164,1,1900.0,0.05215924605727196,,,0.8828222155570984,0.08482500910758972,0.9025624394416809,0.9166094064712524,0.3039532005786896,0.005318448878824711,0.5516179203987122,1919,0.04608018323779106,0.00036292982986196876,0.29308414459228516
9.999999747378752e-05,0.981249988079071,0.019999999552965164,1,1900.0,0.02387319877743721,,,0.8356963396072388,0.10447308421134949,0.8756305575370789,0.8893594145774841,0.423885315656662,0.005318448878824711,0.5516179203987122,1939,0.015395491383969784,0.00036292982986196876,0.29308414459228516
9.999999747378752e-05,0.925000011920929,0.019999999552965164,1,1900.0,0.07833729684352875,,,0.8413136005401611,0.11816153675317764,0.8879996538162231,0.8954375386238098,0.4182926416397095,0.005318448878824711,0.5516179203987122,1959,0.06997144222259521,0.00036292982986196876,0.29308414459228516
9.999999747378752e-05,0.981249988079071,0.019999999552965164,1,1900.0,0.021723734214901924,,,0.8871848583221436,0.08373169600963593,0.9000348448753357,0.9128594398498535,0.3017648458480835,0.005318448878824711,0.5516179203987122,1979,0.015688437968492508,0.00036292982986196876,0.29308414459228516
9.999999747378752e-05,0.824999988079071,0.019999999552965164,1,1900.0,0.15801067650318146,,,0.8814869523048401,0.08208519220352173,0.8880816102027893,0.9074687957763672,0.30008384585380554,0.005318448878824711,0.5516179203987122,1999,0.1520089954137802,0.00036292982986196876,0.29308414459228516
9.999999747378752e-05,0.8687499761581421,0.019999999552965164,1,2000.0,0.1272049844264984,,,0.8576451539993286,0.08449660241603851,0.8778968453407288,0.8887344002723694,0.35510677099227905,0.012075822800397873,0.0024777757935225964,2019,0.12010284513235092,0.0002155728143407032,1.1203473806381226
9.999999747378752e-05,0.862500011920929,0.019999999552965164,1,2000.0,0.12555940449237823,,,0.8600680828094482,0.08546940982341766,0.8704018592834473,0.8859218955039978,0.32258716225624084,0.012075822800397873,0.0024777757935225964,2039,0.11910766363143921,0.0002155728143407032,1.1203473806381226
9.999999747378752e-05,0.9375,0.019999999552965164,1,2000.0,0.0607222355902195,,,0.8588220477104187,0.08392774313688278,0.869227409362793,0.8773281574249268,0.33754393458366394,0.012075822800397873,0.0024777757935225964,2059,0.05397135764360428,0.0002155728143407032,1.1203473806381226
9.999999747378752e-05,0.84375,0.019999999552965164,1,2000.0,0.13457083702087402,,,0.8724927306175232,0.08885166794061661,0.8775659799575806,0.8818125128746033,0.3106306493282318,0.012075822800397873,0.0024777757935225964,2079,0.12835822999477386,0.0002155728143407032,1.1203473806381226
9.999999747378752e-05,0.8687499761581421,0.019999999552965164,1,2000.0,0.12911345064640045,,,0.8696380853652954,0.08545463532209396,0.8757563829421997,0.8858750462532043,0.3369259536266327,0.012075822800397873,0.0024777757935225964,2099,0.12237492948770523,0.0002155728143407032,1.1203473806381226
9.999999747378752e-05,0.8999999761581421,0.019999999552965164,1,2100.0,0.08608291298151016,,,0.8500080704689026,0.09931272268295288,0.8646848201751709,0.8741093873977661,0.3929472267627716,0.01034963596612215,-0.10844585299491882,2119,0.07822396606206894,0.00042988319182768464,0.4815092086791992
9.999999747378752e-05,0.824999988079071,0.019999999552965164,1,2100.0,0.16982151567935944,,,0.8211300373077393,0.1196971908211708,0.8444568514823914,0.8373750448226929,0.5061776638031006,0.01034963596612215,-0.10844585299491882,2139,0.15969796478748322,0.00042988319182768464,0.4815092086791992
9.999999747378752e-05,0.875,0.019999999552965164,1,2100.0,0.11058303713798523,,,0.8249507546424866,0.12143772095441818,0.8399723172187805,0.8251250386238098,0.47764360904693604,0.01034963596612215,-0.10844585299491882,2159,0.10103016346693039,0.00042988319182768464,0.4815092086791992
9.999999747378752e-05,0.9437500238418579,0.019999999552965164,1,2100.0,0.0625791847705841,,,0.853126585483551,0.112273208796978,0.8568974137306213,0.8625625371932983,0.3966839015483856,0.01034963596612215,-0.10844585299491882,2179,0.05464550852775574,0.00042988319182768464,0.4815092086791992
9.999999747378752e-05,0.8687499761581421,0.019999999552965164,1,2100.0,0.11416993290185928,,,0.8696184158325195,0.08615456521511078,0.8687703609466553,0.8811875581741333,0.3166621923446655,0.01034963596612215,-0.10844585299491882,2199,0.10783668607473373,0.00042988319182768464,0.4815092086791992
9.999999747378752e-05,0.8062499761581421,0.019999999552965164,1,2200.0,0.17086489498615265,,,0.8638010621070862,0.08364366739988327,0.8668179512023926,0.8884062767028809,0.3397916257381439,0.011986233294010162,0.21062399446964264,2219,0.1640690565109253,0.00030089536448940635,0.7967044115066528
9.999999747378752e-05,0.8812500238418579,0.019999999552965164,1,2200.0,0.10957805067300797,,,0.8792536854743958,0.08019272238016129,0.8671584725379944,0.8792968988418579,0.2881788909435272,0.011986233294010162,0.21062399446964264,2239,0.10381447523832321,0.00030089536448940635,0.7967044115066528
9.999999747378752e-05,0.9750000238418579,0.019999999552965164,1,2200.0,0.028069324791431427,,,0.8548644781112671,0.0935983955860138,0.8851615786552429,0.8699843883514404,0.3625858426094055,0.011986233294010162,0.21062399446964264,2259,0.020817607641220093,0.00030089536448940635,0.7967044115066528
9.999999747378752e-05,0.887499988079071,0.019999999552965164,1,2200.0,0.09911876171827316,,,0.8532588481903076,0.10544291138648987,0.8800097703933716,0.8781406879425049,0.3654644787311554,0.011986233294010162,0.21062399446964264,2279,0.0918094739317894,0.00030089536448940635,0.7967044115066528
9.999999747378752e-05,0.831250011920929,0.019999999552965164,1,2200.0,0.15529629588127136,,,0.8507335186004639,0.09563375264406204,0.8845496773719788,0.8605625629425049,0.36928170919418335,0.011986233294010162,0.21062399446964264,2299,0.14791066944599152,0.00030089536448940635,0.7967044115066528
9.999999747378752e-05,0.918749988079071,0.019999999552965164,1,2300.0,0.07753987610340118,,,0.8664733171463013,0.09219207614660263,0.8794812560081482,0.8727188110351562,0.3081648051738739,0.004901638720184565,0.48559316992759705,2319,0.07137657701969147,0.0005066840094514191,0.19347912073135376
9.999999747378752e-05,0.8500000238418579,0.019999999552965164,1,2300.0,0.13247355818748474,,,0.8655796647071838,0.09896659106016159,0.8780044317245483,0.864359438419342,0.33727747201919556,0.004901638720184565,0.48559316992759705,2339,0.12572801113128662,0.0005066840094514191,0.19347912073135376
9.999999747378752e-05,0.8687499761581421,0.019999999552965164,1,2300.0,0.12562768161296844,,,0.8961968421936035,0.06947330385446548,0.8865185976028442,0.9017969369888306,0.26857689023017883,0.004901638720184565,0.48559316992759705,2359,0.12025614827871323,0.0005066840094514191,0.19347912073135376
9.999999747378752e-05,0.918749988079071,0.019999999552965164,1,2300.0,0.07699436694383621,,,0.8796626329421997,0.07845889776945114,0.8784967064857483,0.9077343940734863,0.2749110162258148,0.004901638720184565,0.48559316992759705,2379,0.0714961439371109,0.0005066840094514191,0.19347912073135376
9.999999747378752e-05,0.9624999761581421,0.019999999552965164,1,2300.0,0.032373394817113876,,,0.9005722999572754,0.07577251642942429,0.8939918875694275,0.9119375348091125,0.2521418333053589,0.004901638720184565,0.48559316992759705,2399,0.027330556884407997,0.0005066840094514191,0.19347912073135376
9.999999747378752e-05,0.918749988079071,0.019999999552965164,1,2400.0,0.08118830621242523,,,0.8773409128189087,0.08238410949707031,0.8879668116569519,0.915265679359436,0.31155306100845337,0.003552396781742573,0.45564162731170654,2419,0.07495724409818649,0.00015093042748048902,0.47073301672935486
9.999999747378752e-05,0.856249988079071,0.019999999552965164,1,2400.0,0.14741355180740356,,,0.8566374182701111,0.09437250345945358,0.8708615303039551,0.8832500576972961,0.39517736434936523,0.003552396781742573,0.45564162731170654,2439,0.13951000571250916,0.00015093042748048902,0.47073301672935486
9.999999747378752e-05,0.875,0.019999999552965164,1,2400.0,0.11582952737808228,,,0.8629100918769836,0.09235028177499771,0.8678369522094727,0.8615469336509705,0.3734273314476013,0.003552396781742573,0.45564162731170654,2459,0.10836098343133926,0.00015093042748048902,0.47073301672935486
9.999999747378752e-05,0.875,0.019999999552965164,1,2400.0,0.13393814861774445,,,0.839199423789978,0.08938951045274734,0.8612354397773743,0.8696719408035278,0.4654596149921417,0.003552396781742573,0.45564162731170654,2479,0.1246289536356926,0.00015093042748048902,0.47073301672935486
9.999999747378752e-05,0.949999988079071,0.019999999552965164,1,2400.0,0.04584334045648575,,,0.8850884437561035,0.08015864342451096,0.8844007253646851,0.90953129529953,0.28328004479408264,0.003552396781742573,0.45564162731170654,2499,0.04017774015665054,0.00015093042748048902,0.47073301672935486
9.999999747378752e-05,0.918749988079071,0.019999999552965164,1,2500.0,0.07915518432855606,,,0.8930746912956238,0.07455891370773315,0.8879608511924744,0.9157969355583191,0.2625882029533386,0.011294161900877953,0.7646927237510681,2519,0.07390341907739639,0.0005720923072658479,0.39483705163002014
9.999999747378752e-05,0.925000011920929,0.019999999552965164,1,2500.0,0.059931058436632156,,,0.8587830066680908,0.08916566520929337,0.8750958442687988,0.8982188105583191,0.3462265133857727,0.011294161900877953,0.7646927237510681,2539,0.053006529808044434,0.0005720923072658479,0.39483705163002014
9.999999747378752e-05,0.918749988079071,0.019999999552965164,1,2500.0,0.0707419216632843,,,0.8593161106109619,0.08773446083068848,0.8717344403266907,0.8956250548362732,0.35669273138046265,0.011294161900877953,0.7646927237510681,2559,0.0636080652475357,0.0005720923072658479,0.39483705163002014
9.999999747378752e-05,0.9437500238418579,0.019999999552965164,1,2500.0,0.055004652589559555,,,0.8679115176200867,0.08515837788581848,0.8650578260421753,0.8819844126701355,0.32412534952163696,0.011294161900877953,0.7646927237510681,2579,0.04852214455604553,0.0005720923072658479,0.39483705163002014
9.999999747378752e-05,0.856249988079071,0.019999999552965164,1,2500.0,0.12843984365463257,,,0.8712881803512573,0.07965594530105591,0.8745498061180115,0.9060937762260437,0.32069703936576843,0.011294161900877953,0.7646927237510681,2599,0.12202590703964233,0.0005720923072658479,0.39483705163002014
9.999999747378752e-05,0.9375,0.019999999552965164,1,2600.0,0.06335888803005219,,,0.8841159343719482,0.08410795032978058,0.87410968542099,0.8987969160079956,0.28710880875587463,0.013830623589456081,-0.09684859216213226,2619,0.0576167106628418,0.00025546291726641357,1.0827890634536743
9.999999747378752e-05,0.875,0.019999999552965164,1,2600.0,0.13007807731628418,,,0.837929368019104,0.09893175959587097,0.8545470833778381,0.8533125519752502,0.41877108812332153,0.013830623589456081,-0.09684859216213226,2639,0.1217026636004448,0.00025546291726641357,1.0827890634536743
9.999999747378752e-05,0.90625,0.019999999552965164,1,2600.0,0.08904492110013962,,,0.8623116612434387,0.1040281280875206,0.861867368221283,0.8546250462532043,0.3340449929237366,0.013830623589456081,-0.09684859216213226,2659,0.082364022731781,0.00025546291726641357,1.0827890634536743
9.999999747378752e-05,0.831250011920929,0.019999999552965164,1,2600.0,0.16232453286647797,,,0.8504987955093384,0.10801751911640167,0.8638090491294861,0.8567031621932983,0.369131863117218,0.013830623589456081,-0.09684859216213226,2679,0.15494190156459808,0.00025546291726641357,1.0827890634536743
9.999999747378752e-05,0.8500000238418579,0.019999999552965164,1,2600.0,0.1383245289325714,,,0.8376604318618774,0.10570137947797775,0.8545150756835938,0.8473750352859497,0.4207502603530884,0.013830623589456081,-0.09684859216213226,2699,0.12990953028202057,0.00025546291726641357,1.0827890634536743
9.999999747378752e-05,0.8062499761581421,0.019999999552965164,1,2700.0,0.17395158112049103,,,0.8323703408241272,0.10561494529247284,0.8532916903495789,0.8464531898498535,0.45069050788879395,0.0030088676139712334,-0.08842787891626358,2719,0.16493776440620422,0.0004075530159752816,0.14765526354312897
9.999999747378752e-05,0.731249988079071,0.019999999552965164,1,2700.0,0.2628512382507324,,,0.8427053093910217,0.10261557251214981,0.852881669998169,0.8497188091278076,0.38306158781051636,0.0030088676139712334,-0.08842787891626358,2739,0.25519001483917236,0.0004075530159752816,0.14765526354312897
9.999999747378752e-05,0.8125,0.019999999552965164,1,2700.0,0.16871604323387146,,,0.8278940916061401,0.10322363674640656,0.8501414656639099,0.8574844002723694,0.40316325426101685,0.0030088676139712334,-0.08842787891626358,2759,0.1606527715921402,0.0004075530159752816,0.14765526354312897
9.999999747378752e-05,0.862500011920929,0.019999999552965164,1,2700.0,0.11167401820421219,,,0.8621636033058167,0.09152103960514069,0.873200535774231,0.8825000524520874,0.3460351526737213,0.0030088676139712334,-0.08842787891626358,2779,0.10475331544876099,0.0004075530159752816,0.14765526354312897
9.999999747378752e-05,0.893750011920929,0.019999999552965164,1,2700.0,0.09606656432151794,,,0.8697199821472168,0.08011481910943985,0.8755329847335815,0.8955469131469727,0.30956152081489563,0.0030088676139712334,-0.08842787891626358,2799,0.08987533301115036,0.0004075530159752816,0.14765526354312897
9.999999747378752e-05,0.925000011920929,0.019999999552965164,1,2800.0,0.06358563154935837,,,0.8877857327461243,0.0788268968462944,0.889668881893158,0.9049375653266907,0.2757335603237152,0.013967081904411316,-0.2224077582359314,2819,0.05807095766067505,0.00017587676120456308,1.588280439376831
9.999999747378752e-05,0.9624999761581421,0.019999999552965164,1,2800.0,0.0368017852306366,,,0.9018950462341309,0.06874573230743408,0.8940582275390625,0.9044843912124634,0.2386993169784546,0.013967081904411316,-0.2224077582359314,2839,0.032027799636125565,0.00017587676120456308,1.588280439376831
9.999999747378752e-05,0.893750011920929,0.019999999552965164,1,2800.0,0.09499416500329971,,,0.8656519055366516,0.06938666105270386,0.8918190002441406,0.8992500305175781,0.41664940118789673,0.013967081904411316,-0.2224077582359314,2859,0.08666117489337921,0.00017587676120456308,1.588280439376831
9.999999747378752e-05,0.90625,0.019999999552965164,1,2800.0,0.08215393126010895,,,0.8726084232330322,0.08313671499490738,0.8785942792892456,0.8893594145774841,0.2897929847240448,0.013967081904411316,-0.2224077582359314,2879,0.07635807245969772,0.00017587676120456308,1.588280439376831
9.999999747378752e-05,0.9312499761581421,0.019999999552965164,1,2800.0,0.06265070289373398,,,0.9136400818824768,0.06174251064658165,0.8936064839363098,0.9120625257492065,0.20389512181282043,0.013967081904411316,-0.2224077582359314,2899,0.05857279896736145,0.00017587676120456308,1.588280439376831
9.999999747378752e-05,0.918749988079071,0.019999999552965164,1,2900.0,0.08391541242599487,,,0.8902105093002319,0.08782485127449036,0.8819273710250854,0.8958906531333923,0.2847312092781067,0.006449873559176922,0.19913892447948456,2919,0.07822079211473465,0.0003310463798698038,0.3896658718585968
9.999999747378752e-05,0.9750000238418579,0.019999999552965164,1,2900.0,0.024496618658304214,,,0.9061703085899353,0.06950502097606659,0.894142746925354,0.9250469207763672,0.23357872664928436,0.006449873559176922,0.19913892447948456,2939,0.0198250450193882,0.0003310463798698038,0.3896658718585968
9.999999747378752e-05,0.8999999761581421,0.019999999552965164,1,2900.0,0.09400609135627747,,,0.8883427977561951,0.07537461072206497,0.8883441686630249,0.9156094193458557,0.2688242495059967,0.006449873559176922,0.19913892447948456,2959,0.08862960338592529,0.0003310463798698038,0.3896658718585968
9.999999747378752e-05,0.918749988079071,0.019999999552965164,1,2900.0,0.08396386355161667,,,0.9030143618583679,0.06698135286569595,0.8998807072639465,0.9320000410079956,0.22779664397239685,0.006449873559176922,0.19913892447948456,2979,0.07940793037414551,0.0003310463798698038,0.3896658718585968
9.999999747378752e-05,0.925000011920929,0.019999999552965164,1,2900.0,0.07047340273857117,,,0.9005975127220154,0.0678124874830246,0.8929924964904785,0.9205000400543213,0.25211238861083984,0.006449873559176922,0.19913892447948456,2999,0.0654311552643776,0.0003310463798698038,0.3896658718585968
9.999999747378752e-05,0.9437500238418579,0.019999999552965164,1,3000.0,0.05500895902514458,,,0.8908862471580505,0.06783318519592285,0.8939688801765442,0.9326562881469727,0.2653723955154419,0.032603535801172256,0.7793187499046326,3019,0.0497015118598938,0.00043861704762093723,1.4866514205932617
9.999999747378752e-05,0.949999988079071,0.019999999552965164,1,3000.0,0.051978036761283875,,,0.8823832869529724,0.07942800223827362,0.8831641674041748,0.9078750610351562,0.30272728204727173,0.032603535801172256,0.7793187499046326,3039,0.045923490077257156,0.00043861704762093723,1.4866514205932617
9.999999747378752e-05,0.9125000238418579,0.019999999552965164,1,3000.0,0.07622116804122925,,,0.8612125515937805,0.09075495600700378,0.8639042377471924,0.8687969446182251,0.358137845993042,0.032603535801172256,0.7793187499046326,3059,0.06905841082334518,0.00043861704762093723,1.4866514205932617
9.999999747378752e-05,0.9375,0.019999999552965164,1,3000.0,0.05804765224456787,,,0.8692394495010376,0.08114393055438995,0.8649808764457703,0.8883125185966492,0.31608888506889343,0.032603535801172256,0.7793187499046326,3079,0.051725875586271286,0.00043861704762093723,1.4866514205932617
9.999999747378752e-05,0.918749988079071,0.019999999552965164,1,3000.0,0.08200673758983612,,,0.8722436428070068,0.08687306195497513,0.8786189556121826,0.8963594436645508,0.3168447017669678,0.032603535801172256,0.7793187499046326,3099,0.07566983997821808,0.00043861704762093723,1.4866514205932617
9.999999747378752e-05,0.9624999761581421,0.019999999552965164,1,3100.0,0.03539145365357399,,,0.8753070831298828,0.08906534314155579,0.8709059357643127,0.8904375433921814,0.3256789743900299,0.0071214912459254265,0.5290318727493286,3119,0.028877874836325645,0.0005911685293540359,0.24092930555343628
,,,1,,,0.9094594717025757,0.949999988079071,,,,,,,,3125,,,
9.999999747378752e-05,0.893750011920929,0.019999999552965164,2,,0.09030747413635254,,,0.8724858164787292,0.09708984941244125,0.8595060706138611,0.8529688119888306,0.3249073326587677,,,3139,0.08380933105945587,,
9.999999747378752e-05,0.8687499761581421,0.019999999552965164,2,,0.11086331307888031,,,0.8676396012306213,0.08210449665784836,0.8704225420951843,0.896109402179718,0.35777923464775085,,,3159,0.10370773077011108,,
9.999999747378752e-05,0.737500011920929,0.019999999552965164,2,,0.24988095462322235,,,0.8560912609100342,0.0887683629989624,0.854792594909668,0.8681719303131104,0.37584155797958374,,,3179,0.24236412346363068,,
9.999999747378752e-05,0.8812500238418579,0.019999999552965164,2,,0.13598604500293732,,,0.8727682828903198,0.08643867820501328,0.8791942000389099,0.9075469374656677,0.3449659049510956,,,3199,0.12908673286437988,,
9.999999747378752e-05,0.9437500238418579,0.019999999552965164,2,3200.0,0.053645748645067215,,,0.8760797381401062,0.06797835230827332,0.8846748471260071,0.9297813177108765,0.3172105848789215,0.00863037072122097,-0.15425537526607513,3219,0.04730153828859329,0.0003365330630913377,0.5128988027572632
9.999999747378752e-05,0.925000011920929,0.019999999552965164,2,3200.0,0.07089926302433014,,,0.8834466934204102,0.07860101014375687,0.8770354390144348,0.8957812786102295,0.331691175699234,0.00863037072122097,-0.15425537526607513,3239,0.06426543742418289,0.0003365330630913377,0.5128988027572632
9.999999747378752e-05,0.90625,0.019999999552965164,2,3200.0,0.08025214076042175,,,0.8587928414344788,0.0917060524225235,0.8752096891403198,0.8806875348091125,0.3424977958202362,0.00863037072122097,-0.15425537526607513,3259,0.07340218871831894,0.0003365330630913377,0.5128988027572632
9.999999747378752e-05,0.8125,0.019999999552965164,2,3200.0,0.16821250319480896,,,0.852563202381134,0.09642168879508972,0.8635163903236389,0.8778125643730164,0.39198586344718933,0.00863037072122097,-0.15425537526607513,3279,0.160372793674469,0.0003365330630913377,0.5128988027572632
9.999999747378752e-05,0.9312499761581421,0.019999999552965164,2,3200.0,0.07225049287080765,,,0.8754979968070984,0.08708159625530243,0.8772034049034119,0.8980781435966492,0.2825232446193695,0.00863037072122097,-0.15425537526607513,3299,0.0666000247001648,0.0003365330630913377,0.5128988027572632
9.999999747378752e-05,0.949999988079071,0.019999999552965164,2,3300.0,0.04213794693350792,,,0.8773849010467529,0.09096992760896683,0.8811266422271729,0.8926562666893005,0.31629589200019836,0.014765147119760513,0.05097273737192154,3319,0.035812027752399445,0.00015159594477154315,1.9479607343673706
9.999999747378752e-05,0.9125000238418579,0.019999999552965164,2,3300.0,0.08415292948484421,,,0.8751250505447388,0.08811337500810623,0.8743064403533936,0.8902656435966492,0.31958746910095215,0.014765147119760513,0.05097273737192154,3339,0.07776118069887161,0.00015159594477154315,1.9479607343673706
9.999999747378752e-05,0.90625,0.019999999552965164,2,3300.0,0.09411346167325974,,,0.8221985101699829,0.103790283203125,0.8595714569091797,0.8791406750679016,0.44413691759109497,0.014765147119760513,0.05097273737192154,3359,0.08523072302341461,0.00015159594477154315,1.9479607343673706
9.999999747378752e-05,0.925000011920929,0.019999999552965164,2,3300.0,0.07224811613559723,,,0.887507975101471,0.07195500284433365,0.8948153853416443,0.9278438091278076,0.28344064950942993,0.014765147119760513,0.05097273737192154,3379,0.06657930463552475,0.00015159594477154315,1.9479607343673706
9.999999747378752e-05,0.9437500238418579,0.019999999552965164,2,3300.0,0.05957355722784996,,,0.8965511322021484,0.06533581763505936,0.899150013923645,0.93101567029953,0.23107032477855682,0.014765147119760513,0.05097273737192154,3399,0.05495215207338333,0.00015159594477154315,1.9479607343673706
9.999999747378752e-05,0.90625,0.019999999552965164,2,3400.0,0.07871657609939575,,,0.8990287184715271,0.061417341232299805,0.9099569916725159,0.9314219355583191,0.23618558049201965,0.005010243039578199,0.49892228841781616,3419,0.07399286329746246,0.0004033053992316127,0.24845901131629944
9.999999747378752e-05,0.8999999761581421,0.019999999552965164,2,3400.0,0.09300196170806885,,,0.8537279963493347,0.09900884330272675,0.8868232369422913,0.8889687657356262,0.37555935978889465,0.005010243039578199,0.49892228841781616,3439,0.08549077808856964,0.0004033053992316127,0.24845901131629944
9.999999747378752e-05,0.875,0.019999999552965164,2,3400.0,0.1162659153342247,,,0.8752651810646057,0.0802205353975296,0.9005545377731323,0.9059219360351562,0.3578723669052124,0.005010243039578199,0.49892228841781616,3459,0.10910847038030624,0.0004033053992316127,0.24845901131629944
9.999999747378752e-05,0.925000011920929,0.019999999552965164,2,3400.0,0.07158570736646652,,,0.8509048223495483,0.0900886282324791,0.8843186497688293,0.9031562805175781,0.42028799653053284,0.005010243039578199,0.49892228841781616,3479,0.06317994743585587,0.0004033053992316127,0.24845901131629944
9.999999747378752e-05,0.9125000238418579,0.019999999552965164,2,3400.0,0.07671675831079483,,,0.9053195118904114,0.07255356013774872,0.901374876499176,0.907328188419342,0.22992001473903656,0.005010243039578199,0.49892228841781616,3499,0.0721183568239212,0.0004033053992316127,0.24845901131629944
9.999999747378752e-05,0.96875,0.019999999552965164,2,3500.0,0.02853943593800068,,,0.8719310164451599,0.0838337168097496,0.8913475275039673,0.8947812914848328,0.32101210951805115,0.0080039631575346,0.002462786389514804,3519,0.022119194269180298,0.0004191102343611419,0.3819502592086792
9.999999747378752e-05,0.90625,0.019999999552965164,2,3500.0,0.08200564235448837,,,0.8608531355857849,0.09386283159255981,0.8903982639312744,0.9084375500679016,0.34516751766204834,0.0080039631575346,0.002462786389514804,3539,0.0751022920012474,0.0004191102343611419,0.3819502592086792
9.999999747378752e-05,0.856249988079071,0.019999999552965164,2,3500.0,0.1385340839624405,,,0.8851056694984436,0.07136065512895584,0.8832493424415588,0.9058594107627869,0.28839072585105896,0.0080039631575346,0.002462786389514804,3559,0.13276627659797668,0.0004191102343611419,0.3819502592086792
9.999999747378752e-05,0.8999999761581421,0.019999999552965164,2,3500.0,0.08822353929281235,,,0.8665887117385864,0.08411488682031631,0.8668026924133301,0.881906270980835,0.3233118951320648,0.0080039631575346,0.002462786389514804,3579,0.08175729960203171,0.0004191102343611419,0.3819502592086792
9.999999747378752e-05,0.856249988079071,0.019999999552965164,2,3500.0,0.11582924425601959,,,0.8854188919067383,0.08144437521696091,0.8749199509620667,0.8795625567436218,0.26941728591918945,0.0080039631575346,0.002462786389514804,3599,0.11044090241193771,0.0004191102343611419,0.3819502592086792
9.999999747378752e-05,0.84375,0.019999999552965164,2,3600.0,0.14170154929161072,,,0.8622759580612183,0.08599779009819031,0.8746288418769836,0.8849219083786011,0.34153786301612854,0.01664523035287857,0.5676412582397461,3619,0.13487079739570618,0.00027265321114100516,1.2209817171096802
9.999999747378752e-05,0.887499988079071,0.019999999552965164,2,3600.0,0.10042784363031387,,,0.8714680671691895,0.08587371557950974,0.8656145930290222,0.8704062700271606,0.3198792338371277,0.01664523035287857,0.5676412582397461,3639,0.09403026103973389,0.00027265321114100516,1.2209817171096802
9.999999747378752e-05,0.862500011920929,0.019999999552965164,2,3600.0,0.11288145929574966,,,0.8921435475349426,0.07368451356887817,0.8756588697433472,0.9094844460487366,0.24799029529094696,0.01664523035287857,0.5676412582397461,3659,0.10792165249586105,0.00027265321114100516,1.2209817171096802
9.999999747378752e-05,0.875,0.019999999552965164,2,3600.0,0.11862126737833023,,,0.8621553182601929,0.09397897869348526,0.8771166205406189,0.8982031941413879,0.37249624729156494,0.01664523035287857,0.5676412582397461,3679,0.11117134243249893,0.00027265321114100516,1.2209817171096802
9.999999747378752e-05,0.8500000238418579,0.019999999552965164,2,3600.0,0.14506326615810394,,,0.8272351026535034,0.10608075559139252,0.8473578691482544,0.8609063029289246,0.4522654712200165,0.01664523035287857,0.5676412582397461,3699,0.13601796329021454,0.00027265321114100516,1.2209817171096802
9.999999747378752e-05,0.956250011920929,0.019999999552965164,2,3700.0,0.03976976126432419,,,0.831808865070343,0.11643537133932114,0.8471542596817017,0.8592343926429749,0.4266958236694336,0.00748278945684433,0.2929360568523407,3719,0.031235843896865845,0.001192139578051865,0.12553545832633972
9.999999747378752e-05,0.9312499761581421,0.019999999552965164,2,3700.0,0.06537352502346039,,,0.8238844275474548,0.11700647324323654,0.8460552096366882,0.8543750643730164,0.4823588728904724,0.00748278945684433,0.2929360568523407,3739,0.055726345628499985,0.001192139578051865,0.12553545832633972
9.999999747378752e-05,0.800000011920929,0.019999999552965164,2,3700.0,0.18270736932754517,,,0.8781414031982422,0.07033630460500717,0.8682595491409302,0.8803750276565552,0.3320193290710449,0.00748278945684433,0.2929360568523407,3759,0.17606697976589203,0.001192139578051865,0.12553545832633972
9.999999747378752e-05,0.862500011920929,0.019999999552965164,2,3700.0,0.11008046567440033,,,0.8893454074859619,0.07435000687837601,0.870451033115387,0.8860625624656677,0.2604725658893585,0.00748278945684433,0.2929360568523407,3779,0.10487101227045059,0.001192139578051865,0.12553545832633972
9.999999747378752e-05,0.918749988079071,0.019999999552965164,2,3700.0,0.0704013779759407,,,0.8850815296173096,0.08357122540473938,0.8671323657035828,0.8818750381469727,0.2709762752056122,0.00748278945684433,0.2929360568523407,3799,0.0649818554520607,0.001192139578051865,0.12553545832633972
9.999999747378752e-05,0.9750000238418579,0.019999999552965164,2,3800.0,0.022990727797150612,,,0.8880639672279358,0.08389299362897873,0.8917470574378967,0.8692187666893005,0.26976120471954346,0.007444971241056919,0.03236841782927513,3819,0.017595503479242325,0.00040080538019537926,0.37150055170059204
9.999999747378752e-05,0.9312499761581421,0.019999999552965164,2,3800.0,0.06483302265405655,,,0.8564258217811584,0.0969189777970314,0.8775296211242676,0.8716093897819519,0.35619908571243286,0.007444971241056919,0.03236841782927513,3839,0.05770903825759888,0.00040080538019537926,0.37150055170059204
9.999999747378752e-05,0.8999999761581421,0.019999999552965164,2,3800.0,0.09693384170532227,,,0.8729458451271057,0.08596061170101166,0.882621169090271,0.874750018119812,0.29425060749053955,0.007444971241056919,0.03236841782927513,3859,0.09104882925748825,0.00040080538019537926,0.37150055170059204
9.999999747378752e-05,0.8812500238418579,0.019999999552965164,2,3800.0,0.1084277555346489,,,0.8687608242034912,0.09454931318759918,0.8827804923057556,0.8834062814712524,0.31758803129196167,0.007444971241056919,0.03236841782927513,3879,0.10207599401473999,0.00040080538019537926,0.37150055170059204
9.999999747378752e-05,0.887499988079071,0.019999999552965164,2,3800.0,0.1013006642460823,,,0.8606500029563904,0.09332051873207092,0.8772977590560913,0.85093754529953,0.3172363340854645,0.007444971241056919,0.03236841782927513,3899,0.0949559360742569,0.00040080538019537926,0.37150055170059204
9.999999747378752e-05,0.925000011920929,0.019999999552965164,2,3900.0,0.06788915395736694,,,0.9005115628242493,0.0709054172039032,0.8902718424797058,0.9010156393051147,0.2413187474012375,0.011652598157525063,-0.35613882541656494,3919,0.06306277960538864,0.0002001494576688856,1.164389729499817
9.999999747378752e-05,0.949999988079071,0.019999999552965164,2,3900.0,0.04894585534930229,,,0.8964493870735168,0.07548186928033829,0.8880503177642822,0.9003750681877136,0.2447754591703415,0.011652598157525063,-0.35613882541656494,3939,0.044050347059965134,0.0002001494576688856,1.164389729499817
9.999999747378752e-05,0.9312499761581421,0.019999999552965164,2,3900.0,0.06040239334106445,,,0.8926420211791992,0.07704006135463715,0.8897444009780884,0.9131250381469727,0.2658815085887909,0.011652598157525063,-0.35613882541656494,3959,0.05508476495742798,0.0002001494576688856,1.164389729499817
9.999999747378752e-05,0.9750000238418579,0.019999999552965164,2,3900.0,0.025968041270971298,,,0.8931479454040527,0.07808100432157516,0.8815986514091492,0.9000469446182251,0.26857396960258484,0.011652598157525063,-0.35613882541656494,3979,0.020596561953425407,0.0002001494576688856,1.164389729499817
9.999999747378752e-05,0.8812500238418579,0.019999999552965164,2,3900.0,0.11541299521923065,,,0.8787163496017456,0.08551575988531113,0.8799479603767395,0.8939531445503235,0.3154342472553253,0.011652598157525063,-0.35613882541656494,3999,0.10910431295633316,0.0002001494576688856,1.164389729499817
9.999999747378752e-05,0.84375,0.019999999552965164,2,4000.0,0.14384932816028595,,,0.89353346824646,0.08111800998449326,0.8846968412399292,0.9034531712532043,0.2653345763683319,0.010677514597773552,-0.7996124625205994,4019,0.13854263722896576,0.0004584900743793696,0.46576860547065735
9.999999747378752e-05,0.8812500238418579,0.019999999552965164,2,4000.0,0.1294701099395752,,,0.8579248189926147,0.09834175556898117,0.8790053725242615,0.8877344131469727,0.369424045085907,0.010677514597773552,-0.7996124625205994,4039,0.12208162993192673,0.0004584900743793696,0.46576860547065735
9.999999747378752e-05,0.925000011920929,0.019999999552965164,2,4000.0,0.0689157247543335,,,0.8742198944091797,0.0847548246383667,0.8846303820610046,0.9113125205039978,0.3398374915122986,0.010677514597773552,-0.7996124625205994,4059,0.06211897358298302,0.0004584900743793696,0.46576860547065735
9.999999747378752e-05,0.9437500238418579,0.019999999552965164,2,4000.0,0.05118163675069809,,,0.8995424509048462,0.07874901592731476,0.8949278593063354,0.9220312833786011,0.27202439308166504,0.010677514597773552,-0.7996124625205994,4079,0.04574114829301834,0.0004584900743793696,0.46576860547065735
9.999999747378752e-05,0.9375,0.019999999552965164,2,4000.0,0.05708005279302597,,,0.8577086329460144,0.08928372710943222,0.886853039264679,0.8995625376701355,0.34966152906417847,0.010677514597773552,-0.7996124625205994,4099,0.05008682236075401,0.0004584900743793696,0.46576860547065735
9.999999747378752e-05,0.981249988079071,0.019999999552965164,2,4100.0,0.019225716590881348,,,0.8858629465103149,0.07401884347200394,0.8823999166488647,0.9128281474113464,0.2877384126186371,0.010302312672138214,0.21952621638774872,4119,0.013470947742462158,0.00021420734992716461,0.9619008898735046
9.999999747378752e-05,0.9624999761581421,0.019999999552965164,2,4100.0,0.0341118760406971,,,0.8902888298034668,0.07409781217575073,0.8780819177627563,0.9077813029289246,0.2612718641757965,0.010302312672138214,0.21952621638774872,4139,0.02888643741607666,0.00021420734992716461,0.9619008898735046
9.999999747378752e-05,0.918749988079071,0.019999999552965164,2,4100.0,0.08031699061393738,,,0.8973566889762878,0.0716693326830864,0.881158709526062,0.9055938124656677,0.2418133020401001,0.010302312672138214,0.21952621638774872,4159,0.07548072189092636,0.00021420734992716461,0.9619008898735046
9.999999747378752e-05,0.887499988079071,0.019999999552965164,2,4100.0,0.11867967993021011,,,0.8828216195106506,0.08098670840263367,0.8752484917640686,0.8962031602859497,0.28220951557159424,0.010302312672138214,0.21952621638774872,4179,0.11303549259901047,0.00021420734992716461,0.9619008898735046
9.999999747378752e-05,0.9125000238418579,0.019999999552965164,2,4100.0,0.07901902496814728,,,0.865498423576355,0.0836273804306984,0.8626129627227783,0.8818438053131104,0.3414759635925293,0.010302312672138214,0.21952621638774872,4199,0.07218950241804123,0.00021420734992716461,0.9619008898735046
9.999999747378752e-05,0.925000011920929,0.019999999552965164,2,4200.0,0.069045290350914,,,0.87009596824646,0.08903069794178009,0.8650412559509277,0.8678281903266907,0.2986147999763489,0.006249245721846819,0.10650741308927536,4219,0.06307299435138702,0.0003113131388090551,0.40147653222084045
9.999999747378752e-05,0.875,0.019999999552965164,2,4200.0,0.11583041399717331,,,0.8628568053245544,0.09241148829460144,0.8629572987556458,0.8637188076972961,0.3274366855621338,0.006249245721846819,0.10650741308927536,4239,0.10928168147802353,0.0003113131388090551,0.40147653222084045
9.999999747378752e-05,0.8062499761581421,0.019999999552965164,2,4200.0,0.17184969782829285,,,0.8337662816047668,0.10312975943088531,0.8456504344940186,0.8541250228881836,0.40461811423301697,0.006249245721846819,0.10650741308927536,4259,0.1637573391199112,0.0003113131388090551,0.40147653222084045
9.999999747378752e-05,0.8125,0.019999999552965164,2,4200.0,0.16360598802566528,,,0.8544778227806091,0.1047213077545166,0.8472172617912292,0.848453164100647,0.3566727340221405,0.006249245721846819,0.10650741308927536,4279,0.15647253394126892,0.0003113131388090551,0.40147653222084045
9.999999747378752e-05,0.9312499761581421,0.019999999552965164,2,4200.0,0.05977877229452133,,,0.8616394996643066,0.09813647717237473,0.8521459698677063,0.8468593955039978,0.3335060775279999,0.006249245721846819,0.10650741308927536,4299,0.05310865119099617,0.0003113131388090551,0.40147653222084045
9.999999747378752e-05,0.8687499761581421,0.019999999552965164,2,4300.0,0.12697376310825348,,,0.8449352383613586,0.10449302941560745,0.8469964265823364,0.8334218859672546,0.378853976726532,0.0037964785005897284,-0.23361408710479736,4319,0.11939667910337448,0.0002736310416366905,0.2774888575077057
9.999999747378752e-05,0.9125000238418579,0.019999999552965164,2,4300.0,0.08184582740068436,,,0.8796731233596802,0.08250515908002853,0.8758551478385925,0.8910625576972961,0.2947429418563843,0.0037964785005897284,-0.23361408710479736,4339,0.07595096528530121,0.0002736310416366905,0.2774888575077057
9.999999747378752e-05,0.893750011920929,0.019999999552965164,2,4300.0,0.10402650386095047,,,0.8943423628807068,0.07475517690181732,0.8926130533218384,0.9006094336509705,0.2786375880241394,0.0037964785005897284,-0.23361408710479736,4359,0.09845375269651413,0.0002736310416366905,0.2774888575077057
9.999999747378752e-05,0.9750000238418579,0.019999999552965164,2,4300.0,0.029755663126707077,,,0.8799521923065186,0.08115272969007492,0.8785250186920166,0.8885781764984131,0.29041796922683716,0.0037964785005897284,-0.23361408710479736,4379,0.023947304114699364,0.0002736310416366905,0.2774888575077057
9.999999747378752e-05,0.8374999761581421,0.019999999552965164,2,4300.0,0.15468376874923706,,,0.8750333786010742,0.0804767906665802,0.8711138367652893,0.8774844408035278,0.3000502586364746,0.0037964785005897284,-0.23361408710479736,4399,0.14868275821208954,0.0002736310416366905,0.2774888575077057
9.999999747378752e-05,0.90625,0.019999999552965164,2,4400.0,0.08284798264503479,,,0.890442967414856,0.06840600073337555,0.8849509358406067,0.9093437790870667,0.2637443244457245,0.010780583135783672,-0.058975983411073685,4419,0.07757309824228287,0.0003135430160909891,0.6876621246337891
9.999999747378752e-05,0.8687499761581421,0.019999999552965164,2,4400.0,0.13454152643680573,,,0.8768973350524902,0.09024904668331146,0.8878373503684998,0.8863281607627869,0.2921673655509949,0.010780583135783672,-0.058975983411073685,4439,0.1286981850862503,0.0003135430160909891,0.6876621246337891
9.999999747378752e-05,0.918749988079071,0.019999999552965164,2,4400.0,0.075010746717453,,,0.8983632922172546,0.06975466758012772,0.8791528344154358,0.8964219093322754,0.23839911818504333,0.010780583135783672,-0.058975983411073685,4459,0.07024276256561279,0.0003135430160909891,0.6876621246337891
9.999999747378752e-05,0.956250011920929,0.019999999552965164,2,4400.0,0.042191922664642334,,,0.8826509118080139,0.0744747743010521,0.8756111264228821,0.885312557220459,0.29638057947158813,0.010780583135783672,-0.058975983411073685,4479,0.03626431152224541,0.0003135430160909891,0.6876621246337891
9.999999747378752e-05,0.8812500238418579,0.019999999552965164,2,4400.0,0.11882878839969635,,,0.9176400303840637,0.06392107903957367,0.9058446884155273,0.9417500495910645,0.21183739602565765,0.010780583135783672,-0.058975983411073685,4499,0.1145920380949974,0.0003135430160909891,0.6876621246337891
9.999999747378752e-05,0.8187500238418579,0.019999999552965164,2,4500.0,0.19000551104545593,,,0.8646161556243896,0.08444450050592422,0.8802007436752319,0.8981406688690186,0.36572158336639404,0.01201736368238926,0.614702045917511,4519,0.1826910823583603,0.0002830885350704193,0.8490180373191833
9.999999747378752e-05,0.9437500238418579,0.019999999552965164,2,4500.0,0.05175742506980896,,,0.9159031510353088,0.06481578201055527,0.8938889503479004,0.9260156750679016,0.20647206902503967,0.01201736368238926,0.614702045917511,4539,0.04762798175215721,0.0002830885350704193,0.8490180373191833
9.999999747378752e-05,0.96875,0.019999999552965164,2,4500.0,0.03239059820771217,,,0.8616205453872681,0.0801592469215393,0.8849535584449768,0.9192343950271606,0.3645743727684021,0.01201736368238926,0.614702045917511,4559,0.02509911172091961,0.0002830885350704193,0.8490180373191833
9.999999747378752e-05,0.9437500238418579,0.019999999552965164,2,4500.0,0.048944901674985886,,,0.9099389314651489,0.06873946636915207,0.8919766545295715,0.9162188172340393,0.2212163507938385,0.01201736368238926,0.614702045917511,4579,0.04452057555317879,0.0002830885350704193,0.8490180373191833
9.999999747378752e-05,0.9437500238418579,0.019999999552965164,2,4500.0,0.046408988535404205,,,0.8910250067710876,0.07004079967737198,0.8895357847213745,0.9192187786102295,0.25129106640815735,0.01201736368238926,0.614702045917511,4599,0.04138316586613655,0.0002830885350704193,0.8490180373191833
9.999999747378752e-05,0.9125000238418579,0.019999999552965164,2,4600.0,0.0925346240401268,,,0.8703287243843079,0.0864260122179985,0.8743270635604858,0.8889063000679016,0.35323041677474976,0.006962688639760017,-0.3700508773326874,4619,0.08547001332044601,0.0007314560934901237,0.1903788447380066
9.999999747378752e-05,0.856249988079071,0.019999999552965164,2,4600.0,0.1455012708902359,,,0.8771779537200928,0.08051659911870956,0.8692672252655029,0.8949688076972961,0.29790282249450684,0.006962688639760017,-0.3700508773326874,4639,0.13954322040081024,0.0007314560934901237,0.1903788447380066
9.999999747378752e-05,0.90625,0.019999999552965164,2,4600.0,0.08147306740283966,,,0.8823302388191223,0.08034293353557587,0.8686162829399109,0.8899375200271606,0.2774566411972046,0.006962688639760017,-0.3700508773326874,4659,0.07592393457889557,0.0007314560934901237,0.1903788447380066
9.999999747378752e-05,0.9375,0.019999999552965164,2,4600.0,0.05971025303006172,,,0.869049072265625,0.08764947950839996,0.8724072575569153,0.8858281373977661,0.33521947264671326,0.006962688639760017,-0.3700508773326874,4679,0.05300586298108101,0.0007314560934901237,0.1903788447380066
,,,2,,,0.912162184715271,0.9513513445854187,,,,,,,,4688,,,
9.999999747378752e-05,0.875,0.019999999552965164,3,,0.11224862188100815,,,0.8751576542854309,0.08174804598093033,0.8690946698188782,0.8797343969345093,0.33849287033081055,,,4699,0.10547876358032227,,
9.999999747378752e-05,0.875,0.019999999552965164,3,4700.0,0.11555546522140503,,,0.8768031001091003,0.07998768985271454,0.8728230595588684,0.8957968950271606,0.29328104853630066,0.010359402745962143,-0.3511368930339813,4719,0.10968984663486481,0.00043474332778714597,0.4765755534172058
9.999999747378752e-05,0.800000011920929,0.019999999552965164,3,4700.0,0.17242509126663208,,,0.8674971461296082,0.08594482392072678,0.8533690571784973,0.8767500519752502,0.3210657238960266,0.010359402745962143,-0.3511368930339813,4739,0.1660037785768509,0.00043474332778714597,0.4765755534172058
9.999999747378752e-05,0.824999988079071,0.019999999552965164,3,4700.0,0.1535310596227646,,,0.8789728283882141,0.07207271456718445,0.8544333577156067,0.8908125162124634,0.30529770255088806,0.010359402745962143,-0.3511368930339813,4759,0.1474251002073288,0.00043474332778714597,0.4765755534172058
9.999999747378752e-05,0.981249988079071,0.019999999552965164,3,4700.0,0.021785002201795578,,,0.8831321597099304,0.08420481532812119,0.8782567977905273,0.9023281931877136,0.2910750210285187,0.010359402745962143,-0.3511368930339813,4779,0.01596350222826004,0.00043474332778714597,0.4765755534172058
9.999999747378752e-05,0.90625,0.019999999552965164,3,4700.0,0.0847901999950409,,,0.8919642567634583,0.07386571913957596,0.8878051042556763,0.9100000262260437,0.2701464593410492,0.010359402745962143,-0.3511368930339813,4799,0.07938726991415024,0.00043474332778714597,0.4765755534172058
9.999999747378752e-05,0.9375,0.019999999552965164,3,4800.0,0.059443701058626175,,,0.8772904276847839,0.08703122287988663,0.8748453855514526,0.8919687867164612,0.2922217845916748,0.006752657238394022,-0.6272618770599365,4819,0.05359926447272301,0.0005012395558878779,0.2694382965564728
9.999999747378752e-05,0.925000011920929,0.019999999552965164,3,4800.0,0.06618820875883102,,,0.8554733395576477,0.09830659627914429,0.8643556237220764,0.8824062943458557,0.37953153252601624,0.006752657238394022,-0.6272618770599365,4839,0.05859757587313652,0.0005012395558878779,0.2694382965564728
9.999999747378752e-05,0.925000011920929,0.019999999552965164,3,4800.0,0.06540350615978241,,,0.8675296306610107,0.08360159397125244,0.8641214966773987,0.8920625448226929,0.3422878682613373,0.006752657238394022,-0.6272618770599365,4859,0.058557748794555664,0.0005012395558878779,0.2694382965564728
9.999999747378752e-05,0.887499988079071,0.019999999552965164,3,4800.0,0.10014805197715759,,,0.8523663282394409,0.09348306804895401,0.8582125902175903,0.8818281888961792,0.37420153617858887,0.006752657238394022,-0.6272618770599365,4879,0.09266401827335358,0.0005012395558878779,0.2694382965564728
9.999999747378752e-05,0.8187500238418579,0.019999999552965164,3,4800.0,0.15924325585365295,,,0.8814210891723633,0.0885041281580925,0.878728449344635,0.8817968964576721,0.2988051474094391,0.006752657238394022,-0.6272618770599365,4899,0.15326716005802155,0.0005012395558878779,0.2694382965564728
9.999999747378752e-05,0.8374999761581421,0.019999999552965164,3,4900.0,0.1391362100839615,,,0.8749600648880005,0.08099973201751709,0.867414653301239,0.8808438181877136,0.3071780502796173,0.006096395198255777,-0.16717059910297394,4919,0.13299265503883362,0.0003241334925405681,0.3761656880378723
9.999999747378752e-05,0.8999999761581421,0.019999999552965164,3,4900.0,0.09217540919780731,,,0.9093493819236755,0.05278865247964859,0.9040740132331848,0.9287031888961792,0.22949589788913727,0.006096395198255777,-0.16717059910297394,4939,0.08758549392223358,0.0003241334925405681,0.3761656880378723
9.999999747378752e-05,0.9375,0.019999999552965164,3,4900.0,0.05404742434620857,,,0.875899076461792,0.07719584554433823,0.9002310037612915,0.9145781397819519,0.34308746457099915,0.006096395198255777,-0.16717059910297394,4959,0.04718567430973053,0.0003241334925405681,0.3761656880378723
9.999999747378752e-05,0.90625,0.019999999552965164,3,4900.0,0.09662793576717377,,,0.8955047130584717,0.062333595007658005,0.8958614468574524,0.9231875538825989,0.2766951620578766,0.006096395198255777,-0.16717059910297394,4979,0.09109403192996979,0.0003241334925405681,0.3761656880378723
9.999999747378752e-05,0.9750000238418579,0.019999999552965164,3,4900.0,0.025179870426654816,,,0.8613349199295044,0.09824865311384201,0.8879498243331909,0.8940156698226929,0.36024847626686096,0.006096395198255777,-0.16717059910297394,4999,0.01797490194439888,0.0003241334925405681,0.3761656880378723
9.999999747378752e-05,0.956250011920929,0.019999999552965164,3,5000.0,0.04174863174557686,,,0.8490589261054993,0.09503757208585739,0.8754772543907166,0.8965625166893005,0.3911869525909424,0.0076892985962331295,-0.6679995656013489,5019,0.0339248925447464,0.00029344961512833834,0.5240625739097595
9.999999747378752e-05,0.90625,0.019999999552965164,3,5000.0,0.08236394077539444,,,0.8771641850471497,0.0753321722149849,0.8887232542037964,0.9042813181877136,0.2809697091579437,0.0076892985962331295,-0.6679995656013489,5039,0.07674454897642136,0.00029344961512833834,0.5240625739097595
9.999999747378752e-05,0.8999999761581421,0.019999999552965164,3,5000.0,0.08777226507663727,,,0.8547067642211914,0.09629063308238983,0.881790280342102,0.8823750615119934,0.3661881387233734,0.0076892985962331295,-0.6679995656013489,5059,0.08044850081205368,0.00029344961512833834,0.5240625739097595
9.999999747378752e-05,0.925000011920929,0.019999999552965164,3,5000.0,0.0702357292175293,,,0.8444981575012207,0.08366136252880096,0.881799578666687,0.8856406807899475,0.3986923098564148,0.0076892985962331295,-0.6679995656013489,5079,0.06226188689470291,0.00029344961512833834,0.5240625739097595
9.999999747378752e-05,0.981249988079071,0.019999999552965164,3,5000.0,0.020635901018977165,,,0.8484715819358826,0.10232271254062653,0.8829461932182312,0.8904063105583191,0.37377914786338806,0.0076892985962331295,-0.6679995656013489,5099,0.01316031813621521,0.00029344961512833834,0.5240625739097595
9.999999747378752e-05,0.7749999761581421,0.019999999552965164,3,5100.0,0.20197974145412445,,,0.8882516622543335,0.0783119946718216,0.8818384408950806,0.9045156836509705,0.28188207745552063,0.014766303822398186,-0.3687744736671448,5119,0.1963420957326889,0.0002780608192551881,1.062091588973999
9.999999747378752e-05,0.824999988079071,0.019999999552965164,3,5100.0,0.1589793860912323,,,0.8558829426765442,0.09234214574098587,0.8565015196800232,0.8627969026565552,0.3626786172389984,0.014766303822398186,-0.3687744736671448,5139,0.15172581374645233,0.0002780608192551881,1.062091588973999
9.999999747378752e-05,0.8687499761581421,0.019999999552965164,3,5100.0,0.10822315514087677,,,0.8876155018806458,0.08034346997737885,0.8727676272392273,0.8875781893730164,0.2681781053543091,0.014766303822398186,-0.3687744736671448,5159,0.10285959392786026,0.0002780608192551881,1.062091588973999
9.999999747378752e-05,0.8687499761581421,0.019999999552965164,3,5100.0,0.11954890936613083,,,0.8943103551864624,0.07644791156053543,0.8745889663696289,0.8870313167572021,0.24599523842334747,0.014766303822398186,-0.3687744736671448,5179,0.11462900787591934,0.0002780608192551881,1.062091588973999
9.999999747378752e-05,0.856249988079071,0.019999999552965164,3,5100.0,0.12452293932437897,,,0.8826320767402649,0.08048727363348007,0.8647392392158508,0.8693281412124634,0.2742716372013092,0.014766303822398186,-0.3687744736671448,5199,0.11903750896453857,0.0002780608192551881,1.062091588973999
9.999999747378752e-05,0.793749988079071,0.019999999552965164,3,5200.0,0.18572817742824554,,,0.8712776303291321,0.0790257453918457,0.8652631044387817,0.8977656960487366,0.315848708152771,0.0037301555275917053,-0.4202016592025757,5219,0.17941120266914368,0.0006644037202931941,0.1122858077287674
9.999999747378752e-05,0.8999999761581421,0.019999999552965164,3,5200.0,0.08966635167598724,,,0.8678994178771973,0.08645754307508469,0.8669092655181885,0.8796563148498535,0.3266332745552063,0.0037301555275917053,-0.4202016592025757,5239,0.08313368260860443,0.0006644037202931941,0.1122858077287674
9.999999747378752e-05,0.856249988079071,0.019999999552965164,3,5200.0,0.11466573923826218,,,0.8722598552703857,0.10094565153121948,0.8532928824424744,0.8624687790870667,0.3319963216781616,0.0037301555275917053,-0.4202016592025757,5259,0.10802581161260605,0.0006644037202931941,0.1122858077287674
9.999999747378752e-05,0.887499988079071,0.019999999552965164,3,5200.0,0.09959258884191513,,,0.8195306062698364,0.11351937800645828,0.8430874943733215,0.8561875224113464,0.5083470344543457,0.0037301555275917053,-0.4202016592025757,5279,0.08942564576864243,0.0006644037202931941,0.1122858077287674
9.999999747378752e-05,0.862500011920929,0.019999999552965164,3,5200.0,0.11546719819307327,,,0.8188253045082092,0.11855170130729675,0.8383690118789673,0.8454375267028809,0.5136594772338867,0.0037301555275917053,-0.4202016592025757,5299,0.10519400984048843,0.0006644037202931941,0.1122858077287674
9.999999747378752e-05,0.84375,0.019999999552965164,3,5300.0,0.15090906620025635,,,0.8279656171798706,0.10870705544948578,0.8445886373519897,0.8364062905311584,0.4451400935649872,0.024989653378725052,0.08484619855880737,5319,0.1420062631368637,0.00018989543605130166,2.6319382190704346
9.999999747378752e-05,0.96875,0.019999999552965164,3,5300.0,0.0336301289498806,,,0.8776278495788574,0.07623473554849625,0.866522490978241,0.8800000548362732,0.28698548674583435,0.024989653378725052,0.08484619855880737,5339,0.027890419587492943,0.00018989543605130166,2.6319382190704346
9.999999747378752e-05,0.8125,0.019999999552965164,3,5300.0,0.147281676530838,,,0.8803929686546326,0.08097518235445023,0.8709232211112976,0.8891094326972961,0.2859886884689331,0.024989653378725052,0.08484619855880737,5359,0.14156189560890198,0.00018989543605130166,2.6319382190704346
9.999999747378752e-05,0.9375,0.019999999552965164,3,5300.0,0.06167469546198845,,,0.8622651696205139,0.08763926476240158,0.8872895836830139,0.8841719031333923,0.3376769721508026,0.024989653378725052,0.08484619855880737,5379,0.05492115765810013,0.00018989543605130166,2.6319382190704346
9.999999747378752e-05,0.9125000238418579,0.019999999552965164,3,5300.0,0.07108350098133087,,,0.8790005445480347,0.0814182460308075,0.890156090259552,0.8704844117164612,0.27999356389045715,0.024989653378725052,0.08484619855880737,5399,0.06548362970352173,0.00018989543605130166,2.6319382190704346
9.999999747378752e-05,0.875,0.019999999552965164,3,5400.0,0.11594858020544052,,,0.875076413154602,0.09036706387996674,0.8837764859199524,0.8690313100814819,0.2841971218585968,0.006218848284333944,-0.31738853454589844,5419,0.11026463657617569,0.000219430512515828,0.5668171048164368
9.999999747378752e-05,0.8812500238418579,0.019999999552965164,3,5400.0,0.09801604598760605,,,0.8753300309181213,0.0876285657286644,0.8834006190299988,0.8699219226837158,0.2898763120174408,0.006218848284333944,-0.31738853454589844,5439,0.09221851825714111,0.000219430512515828,0.5668171048164368
9.999999747378752e-05,0.8125,0.019999999552965164,3,5400.0,0.16620853543281555,,,0.8303751349449158,0.10496467351913452,0.8599885106086731,0.8380625247955322,0.4175010621547699,0.006218848284333944,-0.31738853454589844,5459,0.15785852074623108,0.000219430512515828,0.5668171048164368
9.999999747378752e-05,0.9125000238418579,0.019999999552965164,3,5400.0,0.07124834507703781,,,0.8801408410072327,0.08086489886045456,0.8799692392349243,0.8920625448226929,0.29406261444091797,0.006218848284333944,-0.31738853454589844,5479,0.06536709517240524,0.000219430512515828,0.5668171048164368
9.999999747378752e-05,0.84375,0.019999999552965164,3,5400.0,0.16442635655403137,,,0.8836709260940552,0.07513797283172607,0.8841789364814758,0.9010000228881836,0.3098406195640564,0.006218848284333944,-0.31738853454589844,5499,0.1582295447587967,0.000219430512515828,0.5668171048164368
9.999999747378752e-05,0.9437500238418579,0.019999999552965164,3,5500.0,0.049759332090616226,,,0.8810870051383972,0.07890542596578598,0.8791075944900513,0.8981094360351562,0.28050777316093445,0.013435588218271732,-0.8181349039077759,5519,0.04414917528629303,0.0005570923676714301,0.48234689235687256
9.999999747378752e-05,0.949999988079071,0.019999999552965164,3,5500.0,0.04486504942178726,,,0.902868926525116,0.06941749900579453,0.8844863176345825,0.8997188210487366,0.23084017634391785,0.013435588218271732,-0.8181349039077759,5539,0.04024824500083923,0.0005570923676714301,0.48234689235687256
9.999999747378752e-05,0.949999988079071,0.019999999552965164,3,5500.0,0.04224742203950882,,,0.8719743490219116,0.07956022024154663,0.8749129176139832,0.8908125162124634,0.3485462963581085,0.013435588218271732,-0.8181349039077759,5559,0.035276494920253754,0.0005570923676714301,0.48234689235687256
9.999999747378752e-05,0.856249988079071,0.019999999552965164,3,5500.0,0.1384676843881607,,,0.8788148164749146,0.08731846511363983,0.8701440095901489,0.8970000147819519,0.2982330024242401,0.013435588218271732,-0.8181349039077759,5579,0.13250301778316498,0.0005570923676714301,0.48234689235687256
9.999999747378752e-05,0.84375,0.019999999552965164,3,5500.0,0.13077068328857422,,,0.9053272008895874,0.07707306742668152,0.8846573233604431,0.9016250371932983,0.2335435152053833,0.013435588218271732,-0.8181349039077759,5599,0.12609981000423431,0.0005570923676714301,0.48234689235687256
9.999999747378752e-05,0.9125000238418579,0.019999999552965164,3,5600.0,0.08494545519351959,,,0.8688398003578186,0.08314613252878189,0.8691287636756897,0.9112188220024109,0.3059144616127014,0.008887951262295246,-0.49292194843292236,5619,0.07882716506719589,0.0009435737738385797,0.1883891075849533
9.999999747378752e-05,0.9125000238418579,0.019999999552965164,3,5600.0,0.07412216812372208,,,0.8844916224479675,0.08262210339307785,0.8858996629714966,0.9080781936645508,0.29130688309669495,0.008887951262295246,-0.49292194843292236,5639,0.06829603016376495,0.0009435737738385797,0.1883891075849533
9.999999747378752e-05,0.9375,0.019999999552965164,3,5600.0,0.06116217374801636,,,0.8902953863143921,0.07774264365434647,0.8841472864151001,0.9035625457763672,0.2798578143119812,0.008887951262295246,-0.49292194843292236,5659,0.05556501820683479,0.0009435737738385797,0.1883891075849533
9.999999747378752e-05,0.887499988079071,0.019999999552965164,3,5600.0,0.11273567378520966,,,0.8800513744354248,0.08377578109502792,0.8706919550895691,0.9001250267028809,0.2871548533439636,0.008887951262295246,-0.49292194843292236,5679,0.10699257999658585,0.0009435737738385797,0.1883891075849533
9.999999747378752e-05,0.90625,0.019999999552965164,3,5600.0,0.08680353313684464,,,0.8807826042175293,0.07751739770174026,0.8737384676933289,0.9048594236373901,0.3042398989200592,0.008887951262295246,-0.49292194843292236,5699,0.08071873337030411,0.0009435737738385797,0.1883891075849533
9.999999747378752e-05,0.9312499761581421,0.019999999552965164,3,5700.0,0.059962429106235504,,,0.8693018555641174,0.08488544821739197,0.862947940826416,0.8874219059944153,0.3198259472846985,0.016992807388305664,-0.6464293003082275,5719,0.05356590822339058,0.00040767627069726586,0.8336421847343445
9.999999747378752e-05,0.9312499761581421,0.019999999552965164,3,5700.0,0.05697426199913025,,,0.9081827402114868,0.0658499002456665,0.8815618753433228,0.9180938005447388,0.22050467133522034,0.016992807388305664,-0.6464293003082275,5739,0.052564170211553574,0.00040767627069726586,0.8336421847343445
9.999999747378752e-05,0.893750011920929,0.019999999552965164,3,5700.0,0.0922112762928009,,,0.8721863031387329,0.08084577322006226,0.8604360222816467,0.8843438029289246,0.32821035385131836,0.016992807388305664,-0.6464293003082275,5759,0.08564706891775131,0.00040767627069726586,0.8336421847343445
9.999999747378752e-05,0.862500011920929,0.019999999552965164,3,5700.0,0.13538475334644318,,,0.8533920049667358,0.0944807380437851,0.8592148423194885,0.8593281507492065,0.3421914577484131,0.016992807388305664,-0.6464293003082275,5779,0.12854091823101044,0.00040767627069726586,0.8336421847343445
9.999999747378752e-05,0.9437500238418579,0.019999999552965164,3,5700.0,0.04626820608973503,,,0.8701990842819214,0.09204719215631485,0.8672100305557251,0.8563594222068787,0.3031378984451294,0.016992807388305664,-0.6464293003082275,5799,0.0402054488658905,0.00040767627069726586,0.8336421847343445
9.999999747378752e-05,0.824999988079071,0.019999999552965164,3,5800.0,0.18042925000190735,,,0.8599144220352173,0.09206362068653107,0.8590253591537476,0.8545000553131104,0.3276151418685913,0.005834195762872696,-0.48863041400909424,5819,0.17387694120407104,0.0004110080481041223,0.28389689326286316
9.999999747378752e-05,0.8812500238418579,0.019999999552965164,3,5800.0,0.10788945853710175,,,0.86125248670578,0.09441456198692322,0.8572858572006226,0.8625156879425049,0.3374514579772949,0.005834195762872696,-0.48863041400909424,5839,0.10114043205976486,0.0004110080481041223,0.28389689326286316
9.999999747378752e-05,0.800000011920929,0.019999999552965164,3,5800.0,0.17977622151374817,,,0.8602116703987122,0.10018281638622284,0.8513365387916565,0.8372031450271606,0.3218008279800415,0.005834195762872696,-0.48863041400909424,5859,0.17334020137786865,0.0004110080481041223,0.28389689326286316
9.999999747378752e-05,0.887499988079071,0.019999999552965164,3,5800.0,0.09785767644643784,,,0.8649824857711792,0.0975695252418518,0.8549123406410217,0.8510469198226929,0.31800389289855957,0.005834195762872696,-0.48863041400909424,5879,0.09149760007858276,0.0004110080481041223,0.28389689326286316
9.999999747378752e-05,0.8374999761581421,0.019999999552965164,3,5800.0,0.13889984786510468,,,0.8979774117469788,0.0734425038099289,0.8903590440750122,0.8907344341278076,0.2485455721616745,0.005834195762872696,-0.48863041400909424,5899,0.13392893970012665,0.0004110080481041223,0.28389689326286316
9.999999747378752e-05,0.887499988079071,0.019999999552965164,3,5900.0,0.09132466465234756,,,0.9087191820144653,0.07131051272153854,0.8914704918861389,0.9056875705718994,0.24000808596611023,0.007852001115679741,-0.6788349151611328,5919,0.08652450144290924,0.0005077608511783183,0.30927950143814087
9.999999747378752e-05,0.8999999761581421,0.019999999552965164,3,5900.0,0.07956164330244064,,,0.9019070267677307,0.0687316358089447,0.8847144246101379,0.9061875343322754,0.23681685328483582,0.007852001115679741,-0.6788349151611328,5939,0.07482530921697617,0.0005077608511783183,0.30927950143814087
9.999999747378752e-05,0.8999999761581421,0.019999999552965164,3,5900.0,0.08975204825401306,,,0.8881728649139404,0.06735703349113464,0.8853051662445068,0.9117031693458557,0.27667856216430664,0.007852001115679741,-0.6788349151611328,5959,0.08421847969293594,0.0005077608511783183,0.30927950143814087
9.999999747378752e-05,0.8374999761581421,0.019999999552965164,3,5900.0,0.1576659232378006,,,0.9087257385253906,0.07130102813243866,0.895594596862793,0.9025000333786011,0.22305554151535034,0.007852001115679741,-0.6788349151611328,5979,0.1532048135995865,0.0005077608511783183,0.30927950143814087
9.999999747378752e-05,0.875,0.019999999552965164,3,5900.0,0.12929333746433258,,,0.8900201916694641,0.08352770656347275,0.8846476674079895,0.8977500200271606,0.2722528576850891,0.007852001115679741,-0.6788349151611328,5999,0.12384827435016632,0.0005077608511783183,0.30927950143814087
9.999999747378752e-05,0.918749988079071,0.019999999552965164,3,6000.0,0.07281631976366043,,,0.8874769806861877,0.07512681186199188,0.8707762360572815,0.8742656707763672,0.27978232502937317,0.00773212593048811,-0.7600786089897156,6019,0.06722067296504974,0.0005855279159732163,0.2641078531742096
9.999999747378752e-05,0.96875,0.019999999552965164,3,6000.0,0.02587471529841423,,,0.9121752381324768,0.06666509807109833,0.8854779005050659,0.8943594098091125,0.19398346543312073,0.00773212593048811,-0.7600786089897156,6039,0.021995047107338905,0.0005855279159732163,0.2641078531742096
9.999999747378752e-05,0.8062499761581421,0.019999999552965164,3,6000.0,0.18545086681842804,,,0.8863904476165771,0.07124081254005432,0.888670802116394,0.8998750448226929,0.2790226936340332,0.00773212593048811,-0.7600786089897156,6059,0.17987041175365448,0.0005855279159732163,0.2641078531742096
9.999999747378752e-05,0.893750011920929,0.019999999552965164,3,6000.0,0.10164176672697067,,,0.8969969749450684,0.0642438530921936,0.8851079940795898,0.9100156426429749,0.263136088848114,0.00773212593048811,-0.7600786089897156,6079,0.09637904167175293,0.0005855279159732163,0.2641078531742096
9.999999747378752e-05,0.9437500238418579,0.019999999552965164,3,6000.0,0.055067602545022964,,,0.9017206430435181,0.06781207770109177,0.8867051005363464,0.910828173160553,0.22784189879894257,0.00773212593048811,-0.7600786089897156,6099,0.05051076412200928,0.0005855279159732163,0.2641078531742096
9.999999747378752e-05,0.856249988079071,0.019999999552965164,3,6100.0,0.1383354216814041,,,0.8890809416770935,0.07773449271917343,0.8941786885261536,0.9129688143730164,0.2933324873447418,0.009174861013889313,-0.15206007659435272,6119,0.13246877491474152,0.0004805463831871748,0.3818512260913849
9.999999747378752e-05,0.9375,0.019999999552965164,3,6100.0,0.061031341552734375,,,0.867221474647522,0.0789816826581955,0.8846653699874878,0.9200000166893005,0.3139090836048126,0.009174861013889313,-0.15206007659435272,6139,0.05475316196680069,0.0004805463831871748,0.3818512260913849
9.999999747378752e-05,0.9125000238418579,0.019999999552965164,3,6100.0,0.09137891232967377,,,0.9049727916717529,0.06575782597064972,0.8902785778045654,0.9244062900543213,0.2501641511917114,0.009174861013889313,-0.15206007659435272,6159,0.0863756313920021,0.0004805463831871748,0.3818512260913849
9.999999747378752e-05,0.875,0.019999999552965164,3,6100.0,0.12115546315908432,,,0.8781562447547913,0.08429032564163208,0.8714991807937622,0.8935625553131104,0.30113279819488525,0.009174861013889313,-0.15206007659435272,6179,0.11513280868530273,0.0004805463831871748,0.3818512260913849
9.999999747378752e-05,0.949999988079071,0.019999999552965164,3,6100.0,0.04811328649520874,,,0.8783677220344543,0.0850628912448883,0.8705105781555176,0.8913906812667847,0.30541571974754333,0.009174861013889313,-0.15206007659435272,6199,0.04200497269630432,0.0004805463831871748,0.3818512260913849
9.999999747378752e-05,0.9437500238418579,0.019999999552965164,3,6200.0,0.050256434828042984,,,0.8871389031410217,0.08121277391910553,0.8703485131263733,0.8859062790870667,0.26589080691337585,0.008611938916146755,0.052654169499874115,6219,0.044938620179891586,0.0005690959515050054,0.30265331268310547
9.999999747378752e-05,0.9624999761581421,0.019999999552965164,3,6200.0,0.03285278379917145,,,0.9061895608901978,0.06455887854099274,0.886359691619873,0.9125781655311584,0.21998246014118195,0.008611938916146755,0.052654169499874115,6239,0.02845313586294651,0.0005690959515050054,0.30265331268310547
,,,3,,,0.9108108282089233,0.949999988079071,,,,,,,,6251,,,
9.999999747378752e-05,0.9624999761581421,0.019999999552965164,4,,0.033906418830156326,,,0.8758403658866882,0.09251543134450912,0.8695139288902283,0.8692187666893005,0.3299714922904968,,,6259,0.027306988835334778,,
9.999999747378752e-05,0.800000011920929,0.019999999552965164,4,,0.1901940554380417,,,0.8773024082183838,0.08616477996110916,0.8691121339797974,0.8991875648498535,0.3085656762123108,,,6279,0.18402273952960968,,
9.999999747378752e-05,0.8687499761581421,0.019999999552965164,4,,0.1313229650259018,,,0.8878148198127747,0.07540993392467499,0.8669466376304626,0.9051719307899475,0.28392642736434937,,,6299,0.12564443051815033,,
9.999999747378752e-05,0.824999988079071,0.019999999552965164,4,6300.0,0.14366209506988525,,,0.8654153943061829,0.08437686413526535,0.8504787087440491,0.87828129529953,0.3373788893222809,0.008680328726768494,-0.694141685962677,6319,0.13691452145576477,0.0009990842081606388,0.17376570403575897
9.999999747378752e-05,0.8687499761581421,0.019999999552965164,4,6300.0,0.1058872789144516,,,0.8822934627532959,0.0779092013835907,0.8830920457839966,0.9120938181877136,0.31228989362716675,0.008680328726768494,-0.694141685962677,6339,0.09964147955179214,0.0009990842081606388,0.17376570403575897
9.999999747378752e-05,0.9125000238418579,0.019999999552965164,4,6300.0,0.07971695065498352,,,0.8919948935508728,0.07325766235589981,0.8870744109153748,0.9144531488418579,0.2526901960372925,0.008680328726768494,-0.694141685962677,6359,0.07466314733028412,0.0009990842081606388,0.17376570403575897
9.999999747378752e-05,0.893750011920929,0.019999999552965164,4,6300.0,0.09714168310165405,,,0.8924919366836548,0.07668863981962204,0.8846635222434998,0.9029844403266907,0.2708089053630829,0.008680328726768494,-0.694141685962677,6379,0.09172550588846207,0.0009990842081606388,0.17376570403575897
9.999999747378752e-05,0.90625,0.019999999552965164,4,6300.0,0.08205188065767288,,,0.8799504637718201,0.07594873756170273,0.8792644739151001,0.9082188010215759,0.2811632752418518,0.008680328726768494,-0.694141685962677,6399,0.0764286145567894,0.0009990842081606388,0.17376570403575897
9.999999747378752e-05,0.949999988079071,0.019999999552965164,4,6400.0,0.05271507054567337,,,0.8593782782554626,0.0833311453461647,0.8673887848854065,0.8906875252723694,0.3528571128845215,0.010159852914512157,0.8378850817680359,6419,0.045657929033041,0.0005753334262408316,0.3531813621520996
9.999999747378752e-05,0.9375,0.019999999552965164,4,6400.0,0.05583125352859497,,,0.836951494216919,0.0913655012845993,0.8577224016189575,0.8795312643051147,0.4473070502281189,0.010159852914512157,0.8378850817680359,6439,0.046885114163160324,0.0005753334262408316,0.3531813621520996
9.999999747378752e-05,0.8812500238418579,0.019999999552965164,4,6400.0,0.10263083875179291,,,0.8761728405952454,0.08180052787065506,0.8566760420799255,0.8692812919616699,0.2917167544364929,0.010159852914512157,0.8378850817680359,6459,0.09679650515317917,0.0005753334262408316,0.3531813621520996
9.999999747378752e-05,0.893750011920929,0.019999999552965164,4,6400.0,0.0973571315407753,,,0.8870274424552917,0.07739024609327316,0.8761496543884277,0.8944375514984131,0.2739691138267517,0.010159852914512157,0.8378850817680359,6479,0.09187775105237961,0.0005753334262408316,0.3531813621520996
9.999999747378752e-05,0.9375,0.019999999552965164,4,6400.0,0.06007284298539162,,,0.9134551286697388,0.05584052950143814,0.9071518778800964,0.9341250658035278,0.19866947829723358,0.010159852914512157,0.8378850817680359,6499,0.05609945207834244,0.0005753334262408316,0.3531813621520996
9.999999747378752e-05,0.887499988079071,0.019999999552965164,4,6500.0,0.09385983645915985,,,0.8865579962730408,0.06956392526626587,0.891779899597168,0.907953143119812,0.26743772625923157,0.008345522917807102,-0.4245058298110962,6519,0.08851107954978943,0.0002809929137583822,0.594002366065979
9.999999747378752e-05,0.918749988079071,0.019999999552965164,4,6500.0,0.07726693153381348,,,0.9317648410797119,0.05326921492815018,0.9153514504432678,0.939078152179718,0.15615560114383698,0.008345522917807102,-0.4245058298110962,6539,0.07414381951093674,0.0002809929137583822,0.594002366065979
9.999999747378752e-05,0.9437500238418579,0.019999999552965164,4,6500.0,0.05412933602929115,,,0.8622356653213501,0.09903275966644287,0.8786870241165161,0.8792188167572021,0.3532413840293884,0.008345522917807102,-0.4245058298110962,6559,0.047064509242773056,0.0002809929137583822,0.594002366065979
9.999999747378752e-05,0.8687499761581421,0.019999999552965164,4,6500.0,0.11902368813753128,,,0.8415470719337463,0.0871325433254242,0.8875002264976501,0.9016875624656677,0.3927803933620453,0.008345522917807102,-0.4245058298110962,6579,0.11116807907819748,0.0002809929137583822,0.594002366065979
9.999999747378752e-05,0.9375,0.019999999552965164,4,6500.0,0.05580757558345795,,,0.8837934732437134,0.0839548408985138,0.8890184760093689,0.8913281559944153,0.2876145541667938,0.008345522917807102,-0.4245058298110962,6599,0.050055284053087234,0.0002809929137583822,0.594002366065979
9.999999747378752e-05,0.987500011920929,0.019999999552965164,4,6600.0,0.014059256762266159,,,0.8884350061416626,0.06933160126209259,0.8948036432266235,0.9065625667572021,0.25744906067848206,0.014014326967298985,-0.7151392102241516,6619,0.00891027506440878,0.0002350675786146894,1.1923657655715942
9.999999747378752e-05,0.956250011920929,0.019999999552965164,4,6600.0,0.03812945634126663,,,0.8647382855415344,0.08095446228981018,0.8877423405647278,0.887515664100647,0.3422180712223053,0.014014326967298985,-0.7151392102241516,6639,0.03128509595990181,0.0002350675786146894,1.1923657655715942
9.999999747378752e-05,0.96875,0.019999999552965164,4,6600.0,0.02613804116845131,,,0.905826985836029,0.06495960056781769,0.9009766578674316,0.9060781598091125,0.22411076724529266,0.014014326967298985,-0.7151392102241516,6659,0.021655825898051262,0.0002350675786146894,1.1923657655715942
9.999999747378752e-05,0.8374999761581421,0.019999999552965164,4,6600.0,0.1397007703781128,,,0.8932880759239197,0.07079022377729416,0.8824054598808289,0.9025469422340393,0.2626594007015228,0.014014326967298985,-0.7151392102241516,6679,0.1344475895166397,0.0002350675786146894,1.1923657655715942
9.999999747378752e-05,0.8812500238418579,0.019999999552965164,4,6600.0,0.11022622883319855,,,0.8792548775672913,0.09170219302177429,0.8721644878387451,0.8840938210487366,0.3028978109359741,0.014014326967298985,-0.7151392102241516,6699,0.10416827350854874,0.0002350675786146894,1.1923657655715942
9.999999747378752e-05,0.8999999761581421,0.019999999552965164,4,6700.0,0.11623416841030121,,,0.8411061763763428,0.09851885586977005,0.8554561734199524,0.8684062957763672,0.3917042911052704,0.007031172513961792,0.723720371723175,6719,0.10840008407831192,0.0004165336722508073,0.3376040458679199
9.999999747378752e-05,0.90625,0.019999999552965164,4,6700.0,0.09044230729341507,,,0.8837445378303528,0.08168656378984451,0.8669657707214355,0.8619219064712524,0.2742171585559845,0.007031172513961792,0.723720371723175,6739,0.08495796471834183,0.0004165336722508073,0.3376040458679199
9.999999747378752e-05,0.9312499761581421,0.019999999552965164,4,6700.0,0.06488371640443802,,,0.889812707901001,0.07630735635757446,0.8765607476234436,0.877625048160553,0.25661876797676086,0.007031172513961792,0.723720371723175,6759,0.05975134298205376,0.0004165336722508073,0.3376040458679199
9.999999747378752e-05,0.887499988079071,0.019999999552965164,4,6700.0,0.10668960213661194,,,0.8755379319190979,0.07404100894927979,0.8711749911308289,0.8932188153266907,0.3105199337005615,0.007031172513961792,0.723720371723175,6779,0.10047920048236847,0.0004165336722508073,0.3376040458679199
9.999999747378752e-05,0.918749988079071,0.019999999552965164,4,6700.0,0.07102514803409576,,,0.8930326104164124,0.07970736175775528,0.8753395080566406,0.9033125638961792,0.2573944628238678,0.007031172513961792,0.723720371723175,6799,0.06587725877761841,0.0004165336722508073,0.3376040458679199
9.999999747378752e-05,0.90625,0.019999999552965164,4,6800.0,0.08283668756484985,,,0.8550850749015808,0.09994422644376755,0.8533132672309875,0.8623594045639038,0.364993691444397,0.017361139878630638,-0.41406962275505066,6819,0.0755368173122406,0.00036214577266946435,0.9587928652763367
9.999999747378752e-05,0.8687499761581421,0.019999999552965164,4,6800.0,0.12056593596935272,,,0.8209619522094727,0.1192217543721199,0.8383061289787292,0.8215781450271606,0.46415427327156067,0.017361139878630638,-0.41406962275505066,6839,0.1112828478217125,0.00036214577266946435,0.9587928652763367
9.999999747378752e-05,0.8687499761581421,0.019999999552965164,4,6800.0,0.11700466275215149,,,0.8236778974533081,0.11944866925477982,0.8432120680809021,0.816953182220459,0.4576148986816406,0.017361139878630638,-0.41406962275505066,6859,0.10785236209630966,0.00036214577266946435,0.9587928652763367
9.999999747378752e-05,0.862500011920929,0.019999999552965164,4,6800.0,0.11893858015537262,,,0.8542890548706055,0.10391772538423538,0.8535412549972534,0.8619375228881836,0.3734310567378998,0.017361139878630638,-0.41406962275505066,6879,0.11146996170282364,0.00036214577266946435,0.9587928652763367
9.999999747378752e-05,0.8062499761581421,0.019999999552965164,4,6800.0,0.17979279160499573,,,0.8668729662895203,0.08177554607391357,0.8630411624908447,0.8786250352859497,0.31002411246299744,0.017361139878630638,-0.41406962275505066,6899,0.17359231412410736,0.00036214577266946435,0.9587928652763367
9.999999747378752e-05,0.824999988079071,0.019999999552965164,4,6900.0,0.1445567011833191,,,0.8853842616081238,0.07349325716495514,0.8648594617843628,0.8847500681877136,0.2614762783050537,0.016894713044166565,0.43829578161239624,6919,0.13932716846466064,0.0006923957844264805,0.4880073666572571
9.999999747378752e-05,0.925000011920929,0.019999999552965164,4,6900.0,0.06314145028591156,,,0.892901599407196,0.073809415102005,0.8708887696266174,0.8912656903266907,0.24174374341964722,0.016894713044166565,0.43829578161239624,6939,0.05830657482147217,0.0006923957844264805,0.4880073666572571
9.999999747378752e-05,0.8999999761581421,0.019999999552965164,4,6900.0,0.10218854993581772,,,0.8563470840454102,0.08983222395181656,0.8779787421226501,0.8611250519752502,0.3666398823261261,0.016894713044166565,0.43829578161239624,6959,0.09485575556755066,0.0006923957844264805,0.4880073666572571
9.999999747378752e-05,0.8999999761581421,0.019999999552965164,4,6900.0,0.07931691408157349,,,0.8747934103012085,0.08344922959804535,0.8809254169464111,0.8602031469345093,0.31431400775909424,0.016894713044166565,0.43829578161239624,6979,0.07303063571453094,0.0006923957844264805,0.4880073666572571
9.999999747378752e-05,0.9437500238418579,0.019999999552965164,4,6900.0,0.060506422072649,,,0.8944831490516663,0.08269862085580826,0.8910461068153381,0.8785625696182251,0.24149617552757263,0.016894713044166565,0.43829578161239624,6999,0.055676497519016266,0.0006923957844264805,0.4880073666572571
9.999999747378752e-05,0.856249988079071,0.019999999552965164,4,7000.0,0.12383029609918594,,,0.8658426403999329,0.08979256451129913,0.8695057034492493,0.8633750677108765,0.304128497838974,0.009343741461634636,-0.4053625464439392,7019,0.1177477240562439,0.0003751227050088346,0.49816983938217163
9.999999747378752e-05,0.9375,0.019999999552965164,4,7000.0,0.064608633518219,,,0.8513376712799072,0.09847981482744217,0.8770703077316284,0.8812969326972961,0.3776395916938782,0.009343741461634636,-0.4053625464439392,7039,0.057055842131376266,0.0003751227050088346,0.49816983938217163
9.999999747378752e-05,0.8999999761581421,0.019999999552965164,4,7000.0,0.08073721826076508,,,0.8866584300994873,0.07890971004962921,0.8833691477775574,0.8865625262260437,0.2677289843559265,0.009343741461634636,-0.4053625464439392,7059,0.07538263499736786,0.0003751227050088346,0.49816983938217163
9.999999747378752e-05,0.9375,0.019999999552965164,4,7000.0,0.05931496620178223,,,0.9066109657287598,0.07162460684776306,0.8855321407318115,0.8900938034057617,0.22346235811710358,0.009343741461634636,-0.4053625464439392,7079,0.054845720529556274,0.0003751227050088346,0.49816983938217163
9.999999747378752e-05,0.9375,0.019999999552965164,4,7000.0,0.0573955699801445,,,0.8929814100265503,0.06921912729740143,0.8774124383926392,0.8938281536102295,0.2864753305912018,0.009343741461634636,-0.4053625464439392,7099,0.05166606232523918,0.0003751227050088346,0.49816983938217163
9.999999747378752e-05,0.831250011920929,0.019999999552965164,4,7100.0,0.16432228684425354,,,0.8695250153541565,0.07859686762094498,0.8802337646484375,0.8961250185966492,0.3327687382698059,0.005299651063978672,-0.5019458532333374,7119,0.1576669067144394,0.0006202329532243311,0.17089228332042694
9.999999747378752e-05,0.9437500238418579,0.019999999552965164,4,7100.0,0.04935140907764435,,,0.8690463900566101,0.09058508276939392,0.876216471195221,0.8955938220024109,0.353297621011734,0.005299651063978672,-0.5019458532333374,7139,0.042285457253456116,0.0006202329532243311,0.17089228332042694
9.999999747378752e-05,0.8187500238418579,0.019999999552965164,4,7100.0,0.17669960856437683,,,0.8834260702133179,0.08480106294155121,0.8722561597824097,0.8984375596046448,0.2976883351802826,0.005299651063978672,-0.5019458532333374,7159,0.1707458347082138,0.0006202329532243311,0.17089228332042694
9.999999747378752e-05,0.96875,0.019999999552965164,4,7100.0,0.034635767340660095,,,0.8719708323478699,0.08087226003408432,0.8903025984764099,0.9084843993186951,0.3144630193710327,0.005299651063978672,-0.5019458532333374,7179,0.028346506878733635,0.0006202329532243311,0.17089228332042694
9.999999747378752e-05,0.949999988079071,0.019999999552965164,4,7100.0,0.04553547129034996,,,0.88020920753479,0.0751667469739914,0.8827876448631287,0.9080938100814819,0.31776005029678345,0.005299651063978672,-0.5019458532333374,7199,0.039180271327495575,0.0006202329532243311,0.17089228332042694
9.999999747378752e-05,0.949999988079071,0.019999999552965164,4,7200.0,0.04744882136583328,,,0.8875996470451355,0.07256501168012619,0.8832371830940247,0.9116406440734863,0.2793029248714447,0.010276357643306255,-0.29836344718933105,7219,0.041862763464450836,0.00026697275461629033,0.7698431611061096
9.999999747378752e-05,0.8812500238418579,0.019999999552965164,4,7200.0,0.12533672153949738,,,0.8850812911987305,0.0734843835234642,0.8716781139373779,0.8964219093322754,0.2680083215236664,0.010276357643306255,-0.29836344718933105,7239,0.11997655779123306,0.00026697275461629033,0.7698431611061096
9.999999747378752e-05,0.949999988079071,0.019999999552965164,4,7200.0,0.05213814601302147,,,0.8703070282936096,0.08391571044921875,0.860606849193573,0.891046941280365,0.3317519724369049,0.010276357643306255,-0.29836344718933105,7259,0.04550310596823692,0.00026697275461629033,0.7698431611061096
9.999999747378752e-05,0.925000011920929,0.019999999552965164,4,7200.0,0.0685417428612709,,,0.8806018829345703,0.0765862837433815,0.8769669532775879,0.9075469374656677,0.2988925576210022,0.010276357643306255,-0.29836344718933105,7279,0.06256388872861862,0.00026697275461629033,0.7698431611061096
9.999999747378752e-05,0.9312499761581421,0.019999999552965164,4,7200.0,0.06510048359632492,,,0.8933064937591553,0.07016550749540329,0.8742488622665405,0.907828152179718,0.24602915346622467,0.010276357643306255,-0.29836344718933105,7299,0.060179900377988815,0.00026697275461629033,0.7698431611061096
9.999999747378752e-05,0.887499988079071,0.019999999552965164,4,7300.0,0.11363872140645981,,,0.904151439666748,0.07018133252859116,0.8819147944450378,0.9055625200271606,0.2218656986951828,0.004194754641503096,0.015067346394062042,7319,0.10920140892267227,0.00016870227409526706,0.4972967505455017
9.999999747378752e-05,0.875,0.019999999552965164,4,7300.0,0.11124556511640549,,,0.8600924015045166,0.09119392186403275,0.8522927761077881,0.8657500147819519,0.33241787552833557,0.004194754641503096,0.015067346394062042,7339,0.10459721088409424,0.00016870227409526706,0.4972967505455017
9.999999747378752e-05,0.84375,0.019999999552965164,4,7300.0,0.16176404058933258,,,0.8654621243476868,0.09487883746623993,0.8575358390808105,0.841421902179718,0.3201501965522766,0.004194754641503096,0.015067346394062042,7359,0.15536104142665863,0.00016870227409526706,0.4972967505455017
9.999999747378752e-05,0.9375,0.019999999552965164,4,7300.0,0.06143168732523918,,,0.853103756904602,0.09174825996160507,0.8589086532592773,0.8621094226837158,0.34697556495666504,0.004194754641503096,0.015067346394062042,7379,0.054492175579071045,0.00016870227409526706,0.4972967505455017
9.999999747378752e-05,0.918749988079071,0.019999999552965164,4,7300.0,0.06581737846136093,,,0.8573430180549622,0.0959797352552414,0.8583084344863892,0.8475313186645508,0.3311789929866791,0.004194754641503096,0.015067346394062042,7399,0.05919380113482475,0.00016870227409526706,0.4972967505455017
9.999999747378752e-05,0.918749988079071,0.019999999552965164,4,7400.0,0.081907257437706,,,0.8448033928871155,0.10337173938751221,0.8440268039703369,0.8464062809944153,0.3790895938873291,0.0065410747192800045,0.6337486505508423,7419,0.07432546466588974,0.0006254848558455706,0.20915211737155914
9.999999747378752e-05,0.8125,0.019999999552965164,4,7400.0,0.175894632935524,,,0.8700244426727295,0.0875660702586174,0.8591312170028687,0.8624219298362732,0.32720038294792175,0.0065410747192800045,0.6337486505508423,7439,0.16935062408447266,0.0006254848558455706,0.20915211737155914
9.999999747378752e-05,0.8687499761581421,0.019999999552965164,4,7400.0,0.1185387521982193,,,0.8894613981246948,0.07242439687252045,0.8825483322143555,0.885437548160553,0.25663575530052185,0.0065410747192800045,0.6337486505508423,7459,0.11340603977441788,0.0006254848558455706,0.20915211737155914
9.999999747378752e-05,0.8999999761581421,0.019999999552965164,4,7400.0,0.08184321224689484,,,0.8996575474739075,0.07313723117113113,0.8869370818138123,0.9034687876701355,0.2385873645544052,0.0065410747192800045,0.6337486505508423,7479,0.07707146555185318,0.0006254848558455706,0.20915211737155914
9.999999747378752e-05,0.8500000238418579,0.019999999552965164,4,7400.0,0.1289294958114624,,,0.9157730937004089,0.05824888125061989,0.8896867036819458,0.9151250720024109,0.1854567527770996,0.0065410747192800045,0.6337486505508423,7499,0.12522035837173462,0.0006254848558455706,0.20915211737155914
9.999999747378752e-05,0.9624999761581421,0.019999999552965164,4,7500.0,0.032224711030721664,,,0.8953486084938049,0.07094746083021164,0.875689685344696,0.903296947479248,0.24672722816467285,0.009570172056555748,0.6854183673858643,7519,0.027290165424346924,0.00040885101770982146,0.4681496024131775
9.999999747378752e-05,0.8999999761581421,0.019999999552965164,4,7500.0,0.09043950587511063,,,0.8731914758682251,0.07771209627389908,0.869371771812439,0.8952969312667847,0.3159960210323334,0.009570172056555748,0.6854183673858643,7539,0.08411958813667297,0.00040885101770982146,0.4681496024131775
9.999999747378752e-05,0.893750011920929,0.019999999552965164,4,7500.0,0.10112707316875458,,,0.8865067958831787,0.07720621675252914,0.8771370649337769,0.8928125500679016,0.26807528734207153,0.009570172056555748,0.6854183673858643,7559,0.09576556831598282,0.00040885101770982146,0.4681496024131775
9.999999747378752e-05,0.9375,0.019999999552965164,4,7500.0,0.05388448387384415,,,0.9213646054267883,0.0576762855052948,0.8889325857162476,0.9054844379425049,0.1877053827047348,0.009570172056555748,0.6854183673858643,7579,0.05013037472963333,0.00040885101770982146,0.4681496024131775
9.999999747378752e-05,0.8187500238418579,0.019999999552965164,4,7500.0,0.15937326848506927,,,0.9103419184684753,0.064767025411129,0.880848228931427,0.8924531936645508,0.1957775056362152,0.009570172056555748,0.6854183673858643,7599,0.15545772016048431,0.00040885101770982146,0.4681496024131775
9.999999747378752e-05,0.893750011920929,0.019999999552965164,4,7600.0,0.10141953080892563,,,0.8885761499404907,0.069536492228508,0.882594645023346,0.9049062728881836,0.2848728895187378,0.006962205283343792,0.5929434299468994,7619,0.09572207182645798,0.0004032107535749674,0.34533828496932983
9.999999747378752e-05,0.887499988079071,0.019999999552965164,4,7600.0,0.10409438610076904,,,0.8911406397819519,0.07356444001197815,0.8782570958137512,0.8943594098091125,0.26630815863609314,0.006962205283343792,0.5929434299468994,7639,0.09876822680234909,0.0004032107535749674,0.34533828496932983
9.999999747378752e-05,0.96875,0.019999999552965164,4,7600.0,0.027785276994109154,,,0.8899279832839966,0.06204655393958092,0.8846399188041687,0.9089218974113464,0.26873984932899475,0.006962205283343792,0.5929434299468994,7659,0.022410480305552483,0.0004032107535749674,0.34533828496932983
9.999999747378752e-05,0.918749988079071,0.019999999552965164,4,7600.0,0.07631376385688782,,,0.8807205557823181,0.06918144226074219,0.8887144327163696,0.9194531440734863,0.26775261759757996,0.006962205283343792,0.5929434299468994,7679,0.070958711206913,0.0004032107535749674,0.34533828496932983
9.999999747378752e-05,0.8999999761581421,0.019999999552965164,4,7600.0,0.0919938012957573,,,0.8943842053413391,0.06495200097560883,0.8786451816558838,0.9212344288825989,0.24925650656223297,0.006962205283343792,0.5929434299468994,7699,0.08700866997241974,0.0004032107535749674,0.34533828496932983
9.999999747378752e-05,0.856249988079071,0.019999999552965164,4,7700.0,0.12830457091331482,,,0.9073759913444519,0.06423269957304001,0.8925188779830933,0.93101567029953,0.2230566442012787,0.011587613262236118,0.20021900534629822,7719,0.12384343147277832,0.0004250197671353817,0.5452740788459778
9.999999747378752e-05,0.918749988079071,0.019999999552965164,4,7700.0,0.07547567039728165,,,0.9002333879470825,0.073276586830616,0.8841956853866577,0.8903594017028809,0.2533322870731354,0.011587613262236118,0.20021900534629822,7739,0.07040902227163315,0.0004250197671353817,0.5452740788459778
9.999999747378752e-05,0.875,0.019999999552965164,4,7700.0,0.1084044799208641,,,0.8753728270530701,0.08581633865833282,0.8651207089424133,0.8801250457763672,0.3088921904563904,0.011587613262236118,0.20021900534629822,7759,0.1022266373038292,0.0004250197671353817,0.5452740788459778
9.999999747378752e-05,0.9437500238418579,0.019999999552965164,4,7700.0,0.0575968474149704,,,0.8969822525978088,0.07297880947589874,0.8763570189476013,0.9035156965255737,0.25093746185302734,0.011587613262236118,0.20021900534629822,7779,0.05257809907197952,0.0004250197671353817,0.5452740788459778
9.999999747378752e-05,0.956250011920929,0.019999999552965164,4,7700.0,0.042932670563459396,,,0.8992195725440979,0.0696357861161232,0.8734642267227173,0.8989219069480896,0.23202352225780487,0.011587613262236118,0.20021900534629822,7799,0.03829219937324524,0.0004250197671353817,0.5452740788459778
,,,4,,,0.9067567586898804,0.9513513445854187,,,,,,,,7814,,,
